imei,first_sent_date,last_sent_date,send_count_total,send_count_ok,send_count_err,last_status,last_http_code,last_txid,last_command,last_days_disconnected,vin_last,empresa_last,patente_last,iccid_last,delivery_status,delivery_note,delivery_checked_at_utc
868589060172312,2026-02-04,2026-02-17,10,10,0,OK,200,"{""status"":""OK"",""code"":200,""data"":""command send successfully""}","AT+GTDAT=gv300w,1,,CMD97,0,,,,FFFF$",30.0,JL6AFC6AXRK003291,RELIASSET SPA,003291,8.999931200310005e+18,PENDING,sin eventos,2026-02-05T13:54:22.000Z
867162029761269,2026-02-04,2026-02-04,3,0,3,ERR,404,,"AT+GTDAT=gv300w,1,,CMD2112,0,,,,FFFF$",22.0,W1T963424P0575249,TH LARRAGUIBEL LIMITADA,SBPW46,,,,
863457051704128,2026-02-04,2026-02-04,1,1,0,OK,200,ThingId_ICCID_8999920200310993275_1770220535466_0.388444045417645,"AT+GTDAT=gv300w,1,,CMD2112,0,,,,FFFF$",26.0,W1T964231R0709207,TREKRENTAL,TKLJ58,8.999920200310993e+18,PENDING,sin eventos,2026-02-05T13:54:22.000Z
863457052210141,2026-02-04,2026-02-04,1,1,0,OK,200,ThingId_ICCID_8999920200311018431_1770220537311_0.6039678348980333,"AT+GTDAT=gv300w,1,,CMD2112,0,,,,FFFF$",19.0,9BM634074RB317665,GERENCIA BUSES & VANS,TFWK28,8.999920200311018e+18,PENDING,sin eventos,2026-02-05T13:54:22.000Z
863457051688909,2026-02-04,2026-02-04,1,1,0,OK,200,ThingId_ICCID_8999920200310594909_1770220538680_0.5717612825484135,"AT+GTDAT=gv300w,1,,CMD2112,0,,,,FFFF$",19.0,W1T964231R0677517,GRUPO MPM,TBYZ96,8.999920200310595e+18,PENDING,sin eventos,2026-02-05T13:54:22.000Z
869671070589005,2026-02-04,2026-02-04,1,1,0,OK,200,ThingId_ICCID_8999931200310007475_1770220540540_0.09823722486213171,"AT+GTDAT=gv300w,1,,CMD2112,0,,,,FFFF$",18.0,W1T964016T0819830,100% EQUIPADOS,0819830,8.999931200310008e+18,PENDING,sin eventos,2026-02-05T13:54:22.000Z
869671070585185,2026-02-04,2026-02-12,2,2,0,OK,200,"{""status"":""OK"",""code"":200,""data"":""command send successfully""}","AT+GTDAT=gv300w,1,,CMD97,0,,,,FFFF$",30.0,JL6AFC6A2SK005753,100% EQUIPADOS,K005753,8.999931200310009e+18,PENDING,sin eventos,2026-02-05T13:54:22.000Z
869671070586431,2026-02-04,2026-02-13,4,4,0,OK,200,"{""status"":""OK"",""code"":200,""data"":""command send successfully""}","AT+GTDAT=gv300w,1,,CMD97,0,,,,FFFF$",30.0,JL6AFC6A5RK007569,100% EQUIPADOS,007569,8.999931200310008e+18,PENDING,sin eventos,2026-02-05T13:54:22.000Z
863457050637675,2026-02-04,2026-02-12,4,1,3,OK,200,"{""status"":""OK"",""code"":200,""data"":""command send successfully""}","AT+GTDAT=gv300w,1,,CMD97,0,,,,FFFF$",30.0,LSH14C4C0NA067102,ROCKTRUCK SPA,067102,,,,
868589060174326,2026-02-04,2026-02-04,1,1,0,OK,200,ThingId_ICCID_8999931200310004386_1770220544377_0.8522169325087126,"AT+GTDAT=gv300w,1,,CMD2112,0,,,,FFFF$",26.0,JL6CLH6A8RK005314,JUAN RAMON CISTERNAS FONSECA,005314,8.999931200310005e+18,PENDING,sin eventos,2026-02-05T13:54:22.000Z
863457051740288,2026-02-04,2026-02-04,1,1,0,OK,200,ThingId_ICCID_8999920200310594564_1770220546622_0.529676252671716,"AT+GTDAT=gv300w,1,,CMD2112,0,,,,FFFF$",19.0,9BM958154PB298491,TREKRENTAL,TBKR-58,8.999920200310595e+18,PENDING,sin eventos,2026-02-05T13:54:22.000Z
867162027879626,2026-02-04,2026-02-14,8,5,3,OK,200,"{""status"":""OK"",""code"":200,""data"":""command send successfully""}","AT+GTDAT=gv300w,1,,CMD97,0,,,,FFFF$",30.0,W1T964231P0578657,VILICIC,SCGC90,,,,
869671070580475,2026-02-04,2026-02-04,1,1,0,OK,200,ThingId_ICCID_8999931200310009801_1770220549514_0.5190029374637859,"AT+GTDAT=gv300w,1,,CMD2112,0,,,,FFFF$",23.0,W1T964231T0822753,STOCK,0822753,8.99993120031001e+18,PENDING,sin eventos,2026-02-05T13:54:22.000Z
863457052212683,2026-02-04,2026-02-25,9,9,0,OK,200,"{""status"":""OK"",""code"":200,""data"":""command send successfully""}","AT+GTDAT=gv300w,1,,CMD97,0,,,,FFFF$",22.0,9BM634074RB339562,TRAVELTUR,TFTV60,8.999920200311018e+18,PENDING,sin eventos,2026-02-05T13:54:22.000Z
868589060250761,2026-02-04,2026-02-04,1,1,0,OK,200,ThingId_ICCID_8999931200310005215_1770220552773_0.0227393251363599,"AT+GTDAT=gv300w,1,,CMD2112,0,,,,FFFF$",24.0,9BM634016RB353205,VIGGO (CM),TLWL94,8.999931200310005e+18,PENDING,sin eventos,2026-02-05T13:54:22.000Z
863457050618782,2026-02-04,2026-02-04,3,0,3,ERR,404,,"AT+GTDAT=gv300w,1,,CMD2112,0,,,,FFFF$",20.0,W1T964231P0603393,KOMATSU (CM),SJFF21,,,,
869671070589252,2026-02-04,2026-02-19,12,12,0,OK,200,"{""status"":""OK"",""code"":200,""data"":""command send successfully""}","AT+GTDAT=gv300w,1,,CMD97,0,,,,FFFF$",30.0,JL6CLH6A6SK003678,100% EQUIPADOS,K003678,8.999931200310007e+18,PENDING,sin eventos,2026-02-05T13:54:22.000Z
863457051064366,2026-02-04,2026-02-16,9,9,0,OK,200,"{""status"":""OK"",""code"":200,""data"":""command send successfully""}","AT+GTDAT=gv300w,1,,CMD97,0,,,,FFFF$",30.0,W1T964231P0650289,KOMATSU (CM),SVZJ79,8.999911240071441e+18,PENDING,sin eventos,2026-02-05T13:54:22.000Z
863457052205463,2026-02-04,2026-02-04,1,1,0,OK,200,ThingId_ICCID_8999920200311018535_1770220556501_0.061267757899829745,"AT+GTDAT=gv300w,1,,CMD2112,0,,,,FFFF$",29.0,9BM634016RB331072,VIGGO (CM),6276,8.999920200311018e+18,PENDING,sin eventos,2026-02-05T13:54:22.000Z
863457051713236,2026-02-04,2026-02-12,2,2,0,OK,200,"{""status"":""OK"",""code"":200,""data"":""command send successfully""}","AT+GTDAT=gv300w,1,,CMD97,0,,,,FFFF$",30.0,W1T964231R0706319,BESALCO ARRIENDA,TFLY-29,8.999920200310994e+18,PENDING,sin eventos,2026-02-05T13:54:22.000Z
869671072165309,2026-02-04,2026-02-14,6,6,0,OK,200,"{""status"":""OK"",""code"":200,""data"":""command send successfully""}","AT+GTDAT=gv300w,1,,CMD97,0,,,,FFFF$",30.0,MEC2047R8RP150150,100% EQUIPADOS,P150150,8.99993120031001e+18,PENDING,sin eventos,2026-02-05T13:54:22.000Z
863457051076956,2026-02-04,2026-02-04,1,1,0,OK,200,ThingId_ICCID_8999920200310594601_1770220561556_0.43850128677310196,"AT+GTDAT=gv300w,1,,CMD2112,0,,,,FFFF$",30.0,W1T964231R0677516,GRUPO MPM,TBSV86,8.999920200310595e+18,PENDING,sin eventos,2026-02-05T13:54:22.000Z
868589060172445,2026-02-04,2026-02-04,1,1,0,OK,200,ThingId_ICCID_8999931200310005283_1770220563394_0.13229144602082532,"AT+GTDAT=gv300w,1,,CMD2112,0,,,,FFFF$",29.0,JL6AFE6A3RK003645,OPERACIONES [BK],TKLP50,8.999931200310006e+18,PENDING,sin eventos,2026-02-05T13:54:22.000Z
867162029853801,2026-02-04,2026-02-25,20,17,3,OK,200,"{""status"":""OK"",""code"":200,""data"":""command send successfully""}","AT+GTDAT=gv300w,1,,CMD97,0,,,,FFFF$",21.0,W1T964216N0526062,TREKRENTAL,RHPJ-35,,,,
863457051083887,2026-02-04,2026-02-04,1,1,0,OK,200,ThingId_ICCID_8999911240071441233_1770220566352_0.6332316622280212,"AT+GTDAT=gv300w,1,,CMD2112,0,,,,FFFF$",30.0,W1T964231P0655871,EMIN,SWBC-27,8.999911240071441e+18,PENDING,sin eventos,2026-02-05T13:54:22.000Z
869671072166539,2026-02-04,2026-02-04,1,1,0,OK,200,ThingId_ICCID_8999931200310009444_1770220568155_0.48779144123380447,"AT+GTDAT=gv300w,1,,CMD2112,0,,,,FFFF$",21.0,W1T964231T0827992,100% EQUIPADOS,0827992,8.99993120031001e+18,PENDING,sin eventos,2026-02-05T13:54:22.000Z
869671072172107,2026-02-04,2026-02-22,3,3,0,OK,200,"{""status"":""OK"",""code"":200,""data"":""command send successfully""}","AT+GTDAT=gv300w,1,,CMD97,0,,,,FFFF$",16.0,JL6BGG6A4TK000564,100% EQUIPADOS,TK000564,8.999931200310002e+18,PENDING,sin eventos,2026-02-05T13:54:22.000Z
869671070587082,2026-02-04,2026-02-04,1,1,0,OK,200,ThingId_ICCID_8999931200310007461_1770220570427_0.4154652685068254,"AT+GTDAT=gv300w,1,,CMD2112,0,,,,FFFF$",30.0,W1T964231S0792371,100% EQUIPADOS,0792371,8.999931200310008e+18,PENDING,sin eventos,2026-02-05T13:54:22.000Z
863457051061610,2026-02-04,2026-02-04,1,1,0,OK,200,ThingId_ICCID_8999920200310588268_1770220571838_0.8581999422811413,"AT+GTDAT=gv300w,1,,CMD2112,0,,,,FFFF$",29.0,LSH14C4C2MA069528,INVERSIONES MORA OVALLE SPA,RLJC29,8.999920200310588e+18,PENDING,sin eventos,2026-02-05T13:54:22.000Z
867162027842145,2026-02-04,2026-02-14,8,5,3,OK,200,"{""status"":""OK"",""code"":200,""data"":""command send successfully""}","AT+GTDAT=gv300w,1,,CMD97,0,,,,FFFF$",30.0,3AKJHPDV8NSNG4442,TRANSPORTES SAE (CM),RSPF11,,,,
863457050602984,2026-02-04,2026-02-04,3,0,3,ERR,404,,"AT+GTDAT=gv300w,1,,CMD2112,0,,,,FFFF$",29.0,W1T964231P0592884,TREKRENTAL,SHVR87,,,,
868589060187237,2026-02-04,2026-02-04,1,1,0,OK,200,ThingId_ICCID_8999931200310005974_1770220574763_0.6765664647367478,"AT+GTDAT=gv300w,1,,CMD2112,0,,,,FFFF$",27.0,JL6CJH6A5RK004031,STOCK,004031,8.999931200310006e+18,PENDING,sin eventos,2026-02-05T13:54:22.000Z
867162029776820,2026-02-04,2026-02-15,10,7,3,OK,200,"{""status"":""OK"",""code"":200,""data"":""command send successfully""}","AT+GTDAT=gv300w,1,,CMD97,0,,,,FFFF$",30.0,W1T964026N0498527,MARCO SALGADO (CM),PXST41,,,,
863457050969045,2026-02-04,2026-02-04,3,0,3,ERR,404,,"AT+GTDAT=gv300w,1,,CMD2112,0,,,,FFFF$",15.0,3AKJHPDV9PSNM9035,TRANSPORTES VERASAY SPA,NM9035,,,,
868589060186031,2026-02-04,2026-02-04,1,1,0,OK,200,ThingId_ICCID_8999931200310005429_1770220577752_0.651838023190533,"AT+GTDAT=gv300w,1,,CMD2112,0,,,,FFFF$",26.0,9BM951104RB345986,GRUPO TRANSPORTES LIRA,345986,8.999931200310006e+18,PENDING,sin eventos,2026-02-05T13:54:22.000Z
869671070584261,2026-02-04,2026-02-04,1,1,0,OK,200,ThingId_ICCID_8999931200310007463_1770220579094_0.4577078857301984,"AT+GTDAT=gv300w,1,,CMD2112,0,,,,FFFF$",15.0,JL6CLH6A1SK006942,100% EQUIPADOS,K006942,8.999931200310008e+18,PENDING,sin eventos,2026-02-05T13:54:22.000Z
863457051066163,2026-02-04,2026-02-04,1,1,0,OK,200,ThingId_ICCID_8999920200310998269_1770220580024_0.8883029756852938,"AT+GTDAT=gv300w,1,,CMD2112,0,,,,FFFF$",29.0,LVCB4L4DXPM002691,GERENCIA ELECTROMOVILIDAD,002691,8.999920200310998e+18,PENDING,sin eventos,2026-02-05T13:54:22.000Z
865413056249864,2026-02-04,2026-02-15,8,8,0,OK,200,"{""status"":""OK"",""code"":200,""data"":""command send successfully""}","AT+GTDAT=gv300w,1,,CMD97,0,,,,FFFF$",30.0,3ALHG3DV6MDMU3258,PESCO RENTAL,PRFR89,8.999931200310008e+18,PENDING,sin eventos,2026-02-05T13:54:22.000Z
869671072171315,2026-02-04,2026-02-04,1,1,0,OK,200,ThingId_ICCID_8999931200310008276_1770220582247_0.9004405966963516,"AT+GTDAT=gv300w,1,,CMD2112,0,,,,FFFF$",26.0,9BM958260SB402580,100% EQUIPADOS,B402580,8.999931200310008e+18,PENDING,sin eventos,2026-02-05T13:54:22.000Z
863457051677613,2026-02-04,2026-02-04,1,1,0,OK,200,ThingId_ICCID_8999920200310594991_1770220584506_0.9696691538920497,"AT+GTDAT=gv300w,1,,CMD2112,0,,,,FFFF$",19.0,W1T964231R0675407,GRUPO MPM,TBYZ95,8.999920200310595e+18,PENDING,sin eventos,2026-02-05T13:54:22.000Z
863457051713244,2026-02-04,2026-02-19,12,12,0,OK,200,"{""status"":""OK"",""code"":200,""data"":""command send successfully""}","AT+GTDAT=gv300w,1,,CMD97,0,,,,FFFF$",30.0,MEC0574P0PP056547,DIVEMOTOR COLOMBIA,LLR105,8.999920200310595e+18,PENDING,sin eventos,2026-02-05T13:54:22.000Z
869671070576127,2026-02-04,2026-02-04,1,1,0,OK,200,ThingId_ICCID_8999931200310006628_1770220587246_0.5533788027310451,"AT+GTDAT=gv300w,1,,CMD2112,0,,,,FFFF$",26.0,9BM979078JB061368,PESCO RENTAL,JWZZ11,8.999931200310007e+18,PENDING,sin eventos,2026-02-05T13:54:22.000Z
867162029127990,2026-02-04,2026-02-17,12,9,3,OK,200,"{""status"":""OK"",""code"":200,""data"":""command send successfully""}","AT+GTDAT=gv300w,1,,CMD97,0,,,,FFFF$",30.0,W1T963425M0432586,GRUPO COTAL (CM),PDCB82,,,,
867162029775178,2026-02-04,2026-02-13,6,3,3,OK,200,"{""status"":""OK"",""code"":200,""data"":""command send successfully""}","AT+GTDAT=gv300w,1,,CMD97,0,,,,FFFF$",30.0,JL6CKE6A4KK001705,DE BAJA,PPYY-11,,,,
867162027187467,2026-02-04,2026-02-04,3,0,3,ERR,404,,"AT+GTDAT=gv300w,1,,CMD2112,0,,,,FFFF$",23.0,WDB932315K0289088,SACYR (CM),LHSX11,,,,
868589060176917,2026-02-04,2026-02-04,1,1,0,OK,200,ThingId_ICCID_8999931200310005861_1770220591784_0.6681027382647418,"AT+GTDAT=gv300w,1,,CMD2112,0,,,,FFFF$",26.0,W1V907645SP710259,STOCK,710259,8.999931200310006e+18,PENDING,sin eventos,2026-02-05T13:54:22.000Z
869671070575202,2026-02-04,2026-02-04,1,1,0,OK,200,ThingId_ICCID_8999931200310008739_1770220593601_0.4787729759087651,"AT+GTDAT=gv300w,1,,CMD2112,0,,,,FFFF$",28.0,JL6AKE6A5SK005737,100% EQUIPADOS,SK005737,8.999931200310009e+18,PENDING,sin eventos,2026-02-05T13:54:22.000Z
863238070319779,2026-02-04,2026-02-04,1,1,0,OK,200,ThingId_ICCID_8999931200310008343_1770220594989_0.8179334596362082,"AT+GTDAT=gv300w,1,,CMD2112,0,,,,FFFF$",19.0,9BM958260SB400127,100% EQUIPADOS,B400127,8.999931200310009e+18,PENDING,sin eventos,2026-02-05T13:54:22.000Z
867162027843960,2026-02-04,2026-02-13,6,3,3,OK,200,"{""status"":""OK"",""code"":200,""data"":""command send successfully""}","AT+GTDAT=gv300w,1,,CMD97,0,,,,FFFF$",30.0,W1T964231N0545566,TREKRENTAL,RWWR-54,,,,
865413056248759,2026-02-04,2026-02-12,2,2,0,OK,200,"{""status"":""OK"",""code"":200,""data"":""command send successfully""}","AT+GTDAT=gv300w,1,,CMD97,0,,,,FFFF$",30.0,JL6AFC6A5SK001387,STOCK,K001387,8.999931200310008e+18,PENDING,sin eventos,2026-02-05T13:54:22.000Z
863457050622388,2026-02-04,2026-02-25,3,3,0,OK,200,"{""status"":""OK"",""code"":200,""data"":""command send successfully""}","AT+GTDAT=gv300w,1,,CMD97,0,,,,FFFF$",16.0,W1T964231P0639768,GRUPO MPM,SSYV32,8.999911240071437e+18,PENDING,sin eventos,2026-02-05T13:54:22.000Z
869671070597610,2026-02-04,2026-02-17,10,10,0,OK,200,"{""status"":""OK"",""code"":200,""data"":""command send successfully""}","AT+GTDAT=gv300w,1,,CMD97,0,,,,FFFF$",30.0,3AKJHPDV0PSUD5422,TRANSPORTES SAN GABRIEL LTDA,TTBS35,8.999931200310009e+18,PENDING,sin eventos,2026-02-05T13:54:22.000Z
868589060354985,2026-02-04,2026-02-18,11,11,0,OK,200,"{""status"":""OK"",""code"":200,""data"":""command send successfully""}","AT+GTDAT=gv300w,1,,CMD97,0,,,,FFFF$",30.0,W1T964231S0776983,TREKRENTAL,0776983,8.999931200310004e+18,PENDING,sin eventos,2026-02-05T13:54:22.000Z
863457050615077,2026-02-04,2026-02-12,4,1,3,OK,200,"{""status"":""OK"",""code"":200,""data"":""command send successfully""}","AT+GTDAT=gv300w,1,,CMD97,0,,,,FFFF$",30.0,LSH14C4CXNA066894,SALFA,066894,,,,
863238070322310,2026-02-04,2026-02-04,1,1,0,OK,200,ThingId_ICCID_8999931200310008291_1770220606176_0.29387333539089044,"AT+GTDAT=gv300w,1,,CMD2112,0,,,,FFFF$",27.0,JL6CJH6A7TK000506,100% EQUIPADOS,TK000506,8.999931200310008e+18,PENDING,sin eventos,2026-02-05T13:54:22.000Z
863457050635307,2026-02-04,2026-02-04,1,1,0,OK,200,ThingId_ICCID_8999931200310004080_1770220608046_0.10716534086460539,"AT+GTDAT=gv300w,1,,CMD2112,0,,,,FFFF$",27.0,9BM634074RB336413,DIVEMOTOR PERU,CPE-640,8.999931200310004e+18,PENDING,sin eventos,2026-02-05T13:54:22.000Z
867162027190925,2026-02-04,2026-02-04,3,0,3,ERR,404,,"AT+GTDAT=gv300w,1,,CMD2112,0,,,,FFFF$",30.0,JL6CLH6A1LK000804,DE BAJA,LLKF-97,,,,
867162027833722,2026-02-04,2026-02-12,4,1,3,OK,200,"{""status"":""OK"",""code"":200,""data"":""command send successfully""}","AT+GTDAT=gv300w,1,,CMD97,0,,,,FFFF$",30.0,9BM979078NB245417,PILLADO Y CÍA. LTDA.,RSCY85,,,,
863238070319720,2026-02-04,2026-02-17,10,10,0,OK,200,"{""status"":""OK"",""code"":200,""data"":""command send successfully""}","AT+GTDAT=gv300w,1,,CMD97,0,,,,FFFF$",30.0,W1T963425M0432584,GRUPO COTAL (CM),PDCB84,8.999931200310009e+18,PENDING,sin eventos,2026-02-05T13:54:22.000Z
863457052209952,2026-02-04,2026-02-04,1,1,0,OK,200,ThingId_ICCID_8999920200310993659_1770220612346_0.002690870824689995,"AT+GTDAT=gv300w,1,,CMD2112,0,,,,FFFF$",23.0,W1T964231R0721999,GRUPO MPM,TGGG37,8.999920200310994e+18,PENDING,sin eventos,2026-02-05T13:54:22.000Z
869671070588726,2026-02-04,2026-02-04,1,1,0,OK,200,ThingId_ICCID_8999931200310007237_1770220614183_0.7069936594586483,"AT+GTDAT=gv300w,1,,CMD2112,0,,,,FFFF$",26.0,JL6BHG6A7SK000263,100% EQUIPADOS,K000263,8.999931200310007e+18,PENDING,sin eventos,2026-02-05T13:54:22.000Z
867162025950742,2026-02-04,2026-02-15,10,7,3,OK,200,"{""status"":""OK"",""code"":200,""data"":""command send successfully""}","AT+GTDAT=gv300w,1,,CMD97,0,,,,FFFF$",27.0,WDB964414K0296645,COMPAÑÍA MINERA SANTA LAURA,KXZS12,,,,
869671070584022,2026-02-04,2026-02-25,2,2,0,OK,200,"{""status"":""OK"",""code"":200,""data"":""command send successfully""}","AT+GTDAT=gv300w,1,,CMD97,0,,,,FFFF$",15.0,LSH14C4C4NA067863,GERENCIA ELECTROMOVILIDAD,A067863,8.99993120031001e+18,PENDING,sin eventos,2026-02-05T13:54:22.000Z
869671070576457,2026-02-04,2026-02-18,11,11,0,OK,200,"{""status"":""OK"",""code"":200,""data"":""command send successfully""}","AT+GTDAT=gv300w,1,,CMD97,0,,,,FFFF$",30.0,W1T964233S0780849,100% EQUIPADOS,0780849,8.999931200310009e+18,PENDING,sin eventos,2026-02-05T13:54:22.000Z
863457051069951,2026-02-04,2026-02-16,9,9,0,OK,200,"{""status"":""OK"",""code"":200,""data"":""command send successfully""}","AT+GTDAT=gv300w,1,,CMD97,0,,,,FFFF$",30.0,LSF1C2309ND700594,ENEL X CHILE SPA,SXBB97,8.999911240071441e+18,PENDING,sin eventos,2026-02-05T13:54:22.000Z
868589060683714,2026-02-04,2026-02-04,1,1,0,OK,200,ThingId_ICCID_8999925200420526302_1770220620616_0.9774877440756695,"AT+GTDAT=gv300w,1,,CMD2112,0,,,,FFFF$",27.0,W1T964216T0836870,STOCK,0836870,8.999925200420526e+18,PENDING,sin eventos,2026-02-05T13:54:22.000Z
868589060356816,2026-02-04,2026-02-04,1,1,0,OK,200,ThingId_ICCID_8999931200310006999_1770220622467_0.09429185757441672,"AT+GTDAT=gv300w,1,,CMD2112,0,,,,FFFF$",21.0,LSFAM11A1SA052006,SI AUSTRAL LTDA.,VCPX89,8.999931200310007e+18,PENDING,sin eventos,2026-02-05T13:54:22.000Z
863457050612934,2026-02-04,2026-02-04,3,0,3,ERR,404,,"AT+GTDAT=gv300w,1,,CMD2112,0,,,,FFFF$",30.0,LSH14C4CXMA069504,INVERSIONES MORA OVALLE SPA,RLJC30,,,,
863457051694212,2026-02-04,2026-02-04,1,1,0,OK,200,ThingId_ICCID_8999920200310993433_1770220624845_0.3978913185320818,"AT+GTDAT=gv300w,1,,CMD2112,0,,,,FFFF$",28.0,W1T964231R0683201,GRUPO MPM,TFCT92,8.999920200310994e+18,PENDING,sin eventos,2026-02-05T13:54:22.000Z
869671070585748,2026-02-04,2026-02-04,1,1,0,OK,200,ThingId_ICCID_8999931200310008604_1770220626640_0.7131190187738976,"AT+GTDAT=gv300w,1,,CMD2112,0,,,,FFFF$",29.0,JL6BHG6A7SK000344,STOCK,K000344,8.999931200310009e+18,PENDING,sin eventos,2026-02-05T13:54:22.000Z
869671072171083,2026-02-04,2026-02-04,1,1,0,OK,200,ThingId_ICCID_8999931200310009813_1770220627998_0.44819564286055535,"AT+GTDAT=gv300w,1,,CMD2112,0,,,,FFFF$",17.0,W1T964231T0833936,VILICIC,0833936,8.99993120031001e+18,PENDING,sin eventos,2026-02-05T13:54:22.000Z
867162027886621,2026-02-04,2026-02-04,3,0,3,ERR,404,,"AT+GTDAT=gv300w,1,,CMD2112,0,,,,FFFF$",27.0,W1T963424N0548854,MARCO SALGADO (CM),RRKD26,,,,
868589060363473,2026-02-04,2026-02-04,1,1,0,OK,200,ThingId_ICCID_8999931200310005853_1770220630871_0.048226589946305465,"AT+GTDAT=gv300w,1,,CMD2112,0,,,,FFFF$",27.0,9BM634074RB339769,STOCK CHILE - BUSES & VANS,339769,8.999931200310006e+18,PENDING,sin eventos,2026-02-05T13:54:22.000Z
869671070576218,2026-02-04,2026-02-04,1,1,0,OK,200,ThingId_ICCID_8999931200310004949_1770220631776_0.05785250152702326,"AT+GTDAT=gv300w,1,,CMD2112,0,,,,FFFF$",26.0,JL6AFE6A0SK005715,100% EQUIPADOS,K005715,8.999931200310005e+18,PENDING,sin eventos,2026-02-05T13:54:22.000Z
867162025945650,2026-02-04,2026-02-18,13,10,3,OK,200,"{""status"":""OK"",""code"":200,""data"":""command send successfully""}","AT+GTDAT=gv300w,1,,CMD97,0,,,,FFFF$",30.0,WDB964414J0191232,COMPAÑÍA MINERA SANTA LAURA,KHSP73,,,,
863457052205166,2026-02-04,2026-02-04,1,1,0,OK,200,ThingId_ICCID_8999920200310993740_1770220634640_0.050106278487871414,"AT+GTDAT=gv300w,1,,CMD2112,0,,,,FFFF$",28.0,W1T964231R0716618,GRUPO MPM,TGCD33,8.999920200310994e+18,PENDING,sin eventos,2026-02-05T13:54:22.000Z
868589060243154,2026-02-04,2026-02-15,8,8,0,OK,200,"{""status"":""OK"",""code"":200,""data"":""command send successfully""}","AT+GTDAT=gv300w,1,,CMD97,0,,,,FFFF$",30.0,WDB964231L0396125,GRUPO COMISOL,PJLH32,8.999931200310005e+18,PENDING,sin eventos,2026-02-05T13:54:22.000Z
863238070327194,2026-02-04,2026-02-19,12,12,0,OK,200,"{""status"":""OK"",""code"":200,""data"":""command send successfully""}","AT+GTDAT=gv300w,1,,CMD97,0,,,,FFFF$",30.0,W1T964016T0823292,100% EQUIPADOS,0823292,8.999931200310007e+18,PENDING,sin eventos,2026-02-05T13:54:22.000Z
863457051712881,2026-02-04,2026-02-04,1,1,0,OK,200,ThingId_ICCID_8999920200310594586_1770220640062_0.20871592363164782,"AT+GTDAT=gv300w,1,,CMD2112,0,,,,FFFF$",26.0,LSKG57C15PA821090,FLOTA HUALPEN LIMITADA,821090,8.999920200310595e+18,PENDING,sin eventos,2026-02-05T13:54:22.000Z
869671072170739,2026-02-04,2026-02-04,1,1,0,OK,200,ThingId_ICCID_8999931200310008218_1770220641416_0.6882018791138096,"AT+GTDAT=gv300w,1,,CMD2112,0,,,,FFFF$",21.0,9BM958260SB400438,100% EQUIPADOS,B400438,8.999931200310008e+18,PENDING,sin eventos,2026-02-05T13:54:22.000Z
869671070574965,2026-02-04,2026-02-14,6,6,0,OK,200,"{""status"":""OK"",""code"":200,""data"":""command send successfully""}","AT+GTDAT=gv300w,1,,CMD97,0,,,,FFFF$",30.0,9BM958154SB371238,100% EQUIPADOS,B371238,8.999931200310005e+18,PENDING,sin eventos,2026-02-05T13:54:22.000Z
868589060666768,2026-02-04,2026-02-12,2,2,0,OK,200,"{""status"":""OK"",""code"":200,""data"":""command send successfully""}","AT+GTDAT=gv300w,1,,CMD97,0,,,,FFFF$",30.0,JL6JBB6A7PK008202,STOCK,SSYP37,8.999931200310009e+18,PENDING,sin eventos,2026-02-05T13:54:22.000Z
869671070591373,2026-02-04,2026-02-04,1,1,0,OK,200,ThingId_ICCID_8999931200310008159_1770220645978_0.7132630763510113,"AT+GTDAT=gv300w,1,,CMD2112,0,,,,FFFF$",25.0,W1T963424S0798309,TRANSPORTES SIMUNOVIC LTDA,0798309,8.999931200310008e+18,PENDING,sin eventos,2026-02-05T13:54:22.000Z
869671072165515,2026-02-12,2026-02-17,9,9,0,OK,200,"{""status"":""OK"",""code"":200,""data"":""command send successfully""}","AT+GTDAT=gv300w,1,,CMD97,0,,,,FFFF$",30.0,JL6CLH6A0TK000471,100% EQUIPADOS,TK000471,,,,
863457050620911,2026-02-12,2026-02-24,16,16,0,OK,200,"{""status"":""OK"",""code"":200,""data"":""command send successfully""}","AT+GTDAT=gv300w,1,,CMD97,0,,,,FFFF$",29.0,W1T964231P0599104,TREKRENTAL,SJFT43,,,,
868589060410670,2026-02-12,2026-02-25,17,17,0,OK,200,"{""status"":""OK"",""code"":200,""data"":""command send successfully""}","AT+GTDAT=gv300w,1,,CMD97,0,,,,FFFF$",30.0,W1T964016R0661051,TREKRENTAL,TTCG83,,,,
863238070325727,2026-02-12,2026-02-23,15,15,0,OK,200,"{""status"":""OK"",""code"":200,""data"":""command send successfully""}","AT+GTDAT=gv300w,1,,CMD97,0,,,,FFFF$",30.0,W1T964016T0833696,100% EQUIPADOS,0833696,,,,
867162029138906,2026-02-12,2026-02-13,3,3,0,OK,200,"{""status"":""OK"",""code"":200,""data"":""command send successfully""}","AT+GTDAT=gv300w,1,,CMD97,0,,,,FFFF$",30.0,W1T964231N0560856,CONPAX MAQUINARIAS,RXDX76,,,,
867162025942970,2026-02-12,2026-02-25,17,17,0,OK,200,"{""status"":""OK"",""code"":200,""data"":""command send successfully""}","AT+GTDAT=gv300w,1,,CMD97,0,,,,FFFF$",28.0,WDB932315K0276863,CONPAX MAQUINARIAS,KWKK62,,,,
863457050634813,2026-02-12,2026-02-23,15,15,0,OK,200,"{""status"":""OK"",""code"":200,""data"":""command send successfully""}","AT+GTDAT=gv300w,1,,CMD97,0,,,,FFFF$",30.0,W1T964231P0594307,TREKRENTAL,SFYW-43,,,,
863457050651908,2026-02-12,2026-02-16,8,8,0,OK,200,"{""status"":""OK"",""code"":200,""data"":""command send successfully""}","AT+GTDAT=gv300w,1,,CMD97,0,,,,FFFF$",19.0,W1T964231P0597291,TREKRENTAL,SHVS36,,,,
869671070591886,2026-02-12,2026-02-23,15,15,0,OK,200,"{""status"":""OK"",""code"":200,""data"":""command send successfully""}","AT+GTDAT=gv300w,1,,CMD97,0,,,,FFFF$",30.0,W1T964231S0790222,GRUPO MPM,0790222,,,,
863457051069290,2026-02-12,2026-02-15,7,7,0,OK,200,"{""status"":""OK"",""code"":200,""data"":""command send successfully""}","AT+GTDAT=gv300w,1,,CMD97,0,,,,FFFF$",30.0,W1T964231P0650009,KOMATSU (CM),SVZJ80,,,,
863457050620754,2026-02-12,2026-02-20,12,12,0,OK,200,"{""status"":""OK"",""code"":200,""data"":""command send successfully""}","AT+GTDAT=gv300w,1,,CMD97,0,,,,FFFF$",30.0,W1T964231P0595509,CONPAX MAQUINARIAS,SJRG85,,,,
867162027881044,2026-02-12,2026-02-12,1,1,0,OK,200,"{""status"":""OK"",""code"":200,""data"":""command send successfully""}","AT+GTDAT=gv300w,1,,CMD97,0,,,,FFFF$",21.0,W1T964231N0514875,EMIN,RFGB-72,,,,
863457052209713,2026-02-12,2026-02-25,17,17,0,OK,200,"{""status"":""OK"",""code"":200,""data"":""command send successfully""}","AT+GTDAT=gv300w,1,,CMD97,0,,,,FFFF$",30.0,LSFAM1203RA041248,GERENCIA ELECTROMOVILIDAD,041248,,,,
867162029775020,2026-02-12,2026-02-14,5,5,0,OK,200,"{""status"":""OK"",""code"":200,""data"":""command send successfully""}","AT+GTDAT=gv300w,1,,CMD97,0,,,,FFFF$",30.0,W1T964216N0530018,RAICO,RPZS69,,,,
865413056961286,2026-02-12,2026-02-18,10,10,0,OK,200,"{""status"":""OK"",""code"":200,""data"":""command send successfully""}","AT+GTDAT=gv300w,1,,CMD97,0,,,,FFFF$",23.0,9BM958260SB378701,100% EQUIPADOS,B378701,,,,
869671070594922,2026-02-12,2026-02-12,1,1,0,OK,200,"{""status"":""OK"",""code"":200,""data"":""command send successfully""}","AT+GTDAT=gv300w,1,,CMD97,0,,,,FFFF$",30.0,W1T964231S0796298,100% EQUIPADOS,0796298,,,,
869671070589815,2026-02-12,2026-02-20,12,12,0,OK,200,"{""status"":""OK"",""code"":200,""data"":""command send successfully""}","AT+GTDAT=gv300w,1,,CMD97,0,,,,FFFF$",30.0,JL6CLH6A2SK006898,100% EQUIPADOS,K006898,,,,
869671070591241,2026-02-12,2026-02-16,8,8,0,OK,200,"{""status"":""OK"",""code"":200,""data"":""command send successfully""}","AT+GTDAT=gv300w,1,,CMD97,0,,,,FFFF$",26.0,9BM634016RB352550,STOCK CHILE - BUSES & VANS,B352550,,,,
869671070582125,2026-02-12,2026-02-25,17,17,0,OK,200,"{""status"":""OK"",""code"":200,""data"":""command send successfully""}","AT+GTDAT=gv300w,1,,CMD97,0,,,,FFFF$",29.0,W1T964231S0765997,100% EQUIPADOS,0765997,,,,
869671070575467,2026-02-12,2026-02-25,17,17,0,OK,200,"{""status"":""OK"",""code"":200,""data"":""command send successfully""}","AT+GTDAT=gv300w,1,,CMD97,0,,,,FFFF$",30.0,JL6AFE6AXSK004748,100% EQUIPADOS,K004748,,,,
863457051760773,2026-02-12,2026-02-16,8,8,0,OK,200,"{""status"":""OK"",""code"":200,""data"":""command send successfully""}","AT+GTDAT=gv300w,1,,CMD97,0,,,,FFFF$",21.0,W1T964231RB319790,BESALCO MINERIA,319790,,,,
869671070586829,2026-02-12,2026-02-21,13,13,0,OK,200,"{""status"":""OK"",""code"":200,""data"":""command send successfully""}","AT+GTDAT=gv300w,1,,CMD97,0,,,,FFFF$",30.0,3ALACYF38RDUX3651,100% EQUIPADOS,DUX3651,,,,
863238070319431,2026-02-12,2026-02-25,17,17,0,OK,200,"{""status"":""OK"",""code"":200,""data"":""command send successfully""}","AT+GTDAT=gv300w,1,,CMD97,0,,,,FFFF$",29.0,9BM958264SB402308,100% EQUIPADOS,B402308,,,,
863238070327053,2026-02-12,2026-02-25,17,17,0,OK,200,"{""status"":""OK"",""code"":200,""data"":""command send successfully""}","AT+GTDAT=gv300w,1,,CMD97,0,,,,FFFF$",29.0,W1T964231S0810479,STOCK,0810479,,,,
869671072166687,2026-02-12,2026-02-13,2,2,0,OK,200,"{""status"":""OK"",""code"":200,""data"":""command send successfully""}","AT+GTDAT=gv300w,1,,CMD97,0,,,,FFFF$",22.0,W1T964231T0833990,100% EQUIPADOS,0833990,,,,
863457051077632,2026-02-12,2026-02-25,17,17,0,OK,200,"{""status"":""OK"",""code"":200,""data"":""command send successfully""}","AT+GTDAT=gv300w,1,,CMD97,0,,,,FFFF$",29.0,W1T964231R0706345,TREKRENTAL,STBF90,,,,
863457051699674,2026-02-12,2026-02-23,15,15,0,OK,200,"{""status"":""OK"",""code"":200,""data"":""command send successfully""}","AT+GTDAT=gv300w,1,,CMD97,0,,,,FFFF$",27.0,9BM951104RB332107,TREKRENTAL,TBDJ68,,,,
869671070595614,2026-02-12,2026-02-12,1,1,0,OK,200,"{""status"":""OK"",""code"":200,""data"":""command send successfully""}","AT+GTDAT=gv300w,1,,CMD97,0,,,,FFFF$",15.0,W1V907645SP778522,SERVICIOS SAN CRISTOBAL SPA,P778522,,,,
869671070593015,2026-02-12,2026-02-24,16,16,0,OK,200,"{""status"":""OK"",""code"":200,""data"":""command send successfully""}","AT+GTDAT=gv300w,1,,CMD97,0,,,,FFFF$",28.0,9BM958264RB342587,PESCO RENTAL,TKJW61,,,,
863457050601119,2026-02-12,2026-02-25,17,17,0,OK,200,"{""status"":""OK"",""code"":200,""data"":""command send successfully""}","AT+GTDAT=gv300w,1,,CMD97,0,,,,FFFF$",29.0,9BM958434PB285530,COMERCIAL MAS AGRO LIMITADA,SGWY45,,,,
863457050610490,2026-02-12,2026-02-24,16,16,0,OK,200,"{""status"":""OK"",""code"":200,""data"":""command send successfully""}","AT+GTDAT=gv300w,1,,CMD97,0,,,,FFFF$",30.0,W1T964231P0573647,CONPAX MAQUINARIAS,SJRG57,,,,
869671072166455,2026-02-12,2026-02-15,7,7,0,OK,200,"{""status"":""OK"",""code"":200,""data"":""command send successfully""}","AT+GTDAT=gv300w,1,,CMD97,0,,,,FFFF$",19.0,JL6BHG6AXTK000436,100% EQUIPADOS,TK000436,,,,
867162027611425,2026-02-12,2026-02-25,17,17,0,OK,200,"{""status"":""OK"",""code"":200,""data"":""command send successfully""}","AT+GTDAT=gv300w,1,,CMD97,0,,,,FFFF$",28.0,WDB932315L0367454,EMIN,PGPZ34,,,,
869671072166091,2026-02-12,2026-02-24,16,16,0,OK,200,"{""status"":""OK"",""code"":200,""data"":""command send successfully""}","AT+GTDAT=gv300w,1,,CMD97,0,,,,FFFF$",30.0,JL6CJH6A8TK000577,100% EQUIPADOS,TK000577,,,,
863238070325941,2026-02-12,2026-02-16,8,8,0,OK,200,"{""status"":""OK"",""code"":200,""data"":""command send successfully""}","AT+GTDAT=gv300w,1,,CMD97,0,,,,FFFF$",20.0,W1T964231T0835509,STOCK,0835509,,,,
869671072167867,2026-02-12,2026-02-13,3,3,0,OK,200,"{""status"":""OK"",""code"":200,""data"":""command send successfully""}","AT+GTDAT=gv300w,1,,CMD97,0,,,,FFFF$",30.0,3ALHG3DV4TDWN2271,STOCK,DWN2271,,,,
869671070576663,2026-02-12,2026-02-12,1,1,0,OK,200,"{""status"":""OK"",""code"":200,""data"":""command send successfully""}","AT+GTDAT=gv300w,1,,CMD97,0,,,,FFFF$",30.0,3AKJHPDV5PSUD5447,100% EQUIPADOS,UD5447,,,,
869671070597693,2026-02-12,2026-02-25,17,17,0,OK,200,"{""status"":""OK"",""code"":200,""data"":""command send successfully""}","AT+GTDAT=gv300w,1,,CMD97,0,,,,FFFF$",29.0,W1T964231S0787377,STOCK,0787377,,,,
869671070588973,2026-02-12,2026-02-25,17,17,0,OK,200,"{""status"":""OK"",""code"":200,""data"":""command send successfully""}","AT+GTDAT=gv300w,1,,CMD97,0,,,,FFFF$",29.0,W1T964231S0808944,100% EQUIPADOS,0808944,,,,
863457050207487,2026-02-12,2026-02-25,17,17,0,OK,200,"{""status"":""OK"",""code"":200,""data"":""command send successfully""}","AT+GTDAT=gv300w,1,,CMD97,0,,,,FFFF$",29.0,W1T963424P0604966,FORESTAL ARAUCO S.A.,604966,,,,
863457051719035,2026-02-12,2026-02-12,1,1,0,OK,200,"{""status"":""OK"",""code"":200,""data"":""command send successfully""}","AT+GTDAT=gv300w,1,,CMD97,0,,,,FFFF$",20.0,9BM951104RB332403,TREKRENTAL,TDBY-59,,,,
867162027624204,2026-02-12,2026-02-13,3,3,0,OK,200,"{""status"":""OK"",""code"":200,""data"":""command send successfully""}","AT+GTDAT=gv300w,1,,CMD97,0,,,,FFFF$",30.0,WDB964330K0296942,SACYR (CM),LRFJ61,,,,
869671070574874,2026-02-12,2026-02-15,7,7,0,OK,200,"{""status"":""OK"",""code"":200,""data"":""command send successfully""}","AT+GTDAT=gv300w,1,,CMD97,0,,,,FFFF$",30.0,9BM958154RB350551,100% EQUIPADOS,B350551,,,,
863457051751939,2026-02-12,2026-02-12,1,1,0,OK,200,"{""status"":""OK"",""code"":200,""data"":""command send successfully""}","AT+GTDAT=gv300w,1,,CMD97,0,,,,FFFF$",22.0,W1T964231RB319359,BESALCO MINERIA,319359,,,,
869671070594997,2026-02-12,2026-02-12,1,1,0,OK,200,"{""status"":""OK"",""code"":200,""data"":""command send successfully""}","AT+GTDAT=gv300w,1,,CMD97,0,,,,FFFF$",23.0,3ALHCYCY4SDWB1122,100% EQUIPADOS,DWB1122,,,,
863457050647260,2026-02-12,2026-02-21,13,13,0,OK,200,"{""status"":""OK"",""code"":200,""data"":""command send successfully""}","AT+GTDAT=gv300w,1,,CMD97,0,,,,FFFF$",30.0,9BM634074RB339631,DIVEMOTOR PERU,CPF-404,,,,
863238070321627,2026-02-12,2026-02-23,15,15,0,OK,200,"{""status"":""OK"",""code"":200,""data"":""command send successfully""}","AT+GTDAT=gv300w,1,,CMD97,0,,,,FFFF$",30.0,9BM634074SB364578,STOCK CHILE - BUSES & VANS,B364578,,,,
863457051713194,2026-02-12,2026-02-17,9,9,0,OK,200,"{""status"":""OK"",""code"":200,""data"":""command send successfully""}","AT+GTDAT=gv300w,1,,CMD97,0,,,,FFFF$",25.0,LSKG57C11PA821099,STOCK,821099,,,,
869671070589385,2026-02-12,2026-02-25,17,17,0,OK,200,"{""status"":""OK"",""code"":200,""data"":""command send successfully""}","AT+GTDAT=gv300w,1,,CMD97,0,,,,FFFF$",29.0,W1T964231S0810050,STOCK,0810050,,,,
863457052210430,2026-02-12,2026-02-25,17,17,0,OK,200,"{""status"":""OK"",""code"":200,""data"":""command send successfully""}","AT+GTDAT=gv300w,1,,CMD97,0,,,,FFFF$",29.0,W1T964231R0719619,GRUPO MPM,TGCD32,,,,
867162027874411,2026-02-12,2026-02-21,13,13,0,OK,200,"{""status"":""OK"",""code"":200,""data"":""command send successfully""}","AT+GTDAT=gv300w,1,,CMD97,0,,,,FFFF$",30.0,W1T964016L0427396,CSI,PHLG14,,,,
863457051066510,2026-02-12,2026-02-22,14,14,0,OK,200,"{""status"":""OK"",""code"":200,""data"":""command send successfully""}","AT+GTDAT=gv300w,1,,CMD97,0,,,,FFFF$",30.0,WDB963403K0276976,TRANSPORTES CAVALIERI (CM),LBTS59,,,,
869671070595481,2026-02-12,2026-02-17,9,9,0,OK,200,"{""status"":""OK"",""code"":200,""data"":""command send successfully""}","AT+GTDAT=gv300w,1,,CMD97,0,,,,FFFF$",28.0,JL6BGG6A3SK005768,100% EQUIPADOS,K005768,,,,
867162027256080,2026-02-12,2026-02-12,1,1,0,OK,200,"{""status"":""OK"",""code"":200,""data"":""command send successfully""}","AT+GTDAT=gv300w,1,,CMD97,0,,,,FFFF$",30.0,W1T964231P0633220,CONPAX MAQUINARIAS,SPPL71,,,,
869671070577307,2026-02-12,2026-02-13,3,3,0,OK,200,"{""status"":""OK"",""code"":200,""data"":""command send successfully""}","AT+GTDAT=gv300w,1,,CMD97,0,,,,FFFF$",30.0,W1T964231S0766961,TRANSPORTES PIZARRO E HIJOS SPA,766961,,,,
869671070574700,2026-02-12,2026-02-22,14,14,0,OK,200,"{""status"":""OK"",""code"":200,""data"":""command send successfully""}","AT+GTDAT=gv300w,1,,CMD97,0,,,,FFFF$",30.0,9BM958260SB364861,100% EQUIPADOS,B364861,,,,
863457052205414,2026-02-12,2026-02-23,15,15,0,OK,200,"{""status"":""OK"",""code"":200,""data"":""command send successfully""}","AT+GTDAT=gv300w,1,,CMD97,0,,,,FFFF$",29.0,WJME53TU6RC500454,DIVEMOTOR PERU,BYJ-744,,,,
863457051200713,2026-02-12,2026-02-12,1,1,0,OK,200,"{""status"":""OK"",""code"":200,""data"":""command send successfully""}","AT+GTDAT=gv300w,1,,CMD97,0,,,,FFFF$",30.0,JL6BHG6A7PK000805,SCHWAGER SERVICE S.A.,SHBZ97,,,,
869671070584055,2026-02-12,2026-02-25,17,17,0,OK,200,"{""status"":""OK"",""code"":200,""data"":""command send successfully""}","AT+GTDAT=gv300w,1,,CMD97,0,,,,FFFF$",30.0,JL6BHG6A3TK000522,100% EQUIPADOS,K000522,,,,
863457051056545,2026-02-12,2026-02-22,14,14,0,OK,200,"{""status"":""OK"",""code"":200,""data"":""command send successfully""}","AT+GTDAT=gv300w,1,,CMD97,0,,,,FFFF$",30.0,W1T964231P0597624,BESALCO MINERIA,597624,,,,
869671072169616,2026-02-12,2026-02-18,10,10,0,OK,200,"{""status"":""OK"",""code"":200,""data"":""command send successfully""}","AT+GTDAT=gv300w,1,,CMD97,0,,,,FFFF$",22.0,W1T964231T0836422,INCOLUR (CM),VLZY-66,,,,
869671072172057,2026-02-12,2026-02-25,17,17,0,OK,200,"{""status"":""OK"",""code"":200,""data"":""command send successfully""}","AT+GTDAT=gv300w,1,,CMD97,0,,,,FFFF$",29.0,9BM634013SB357586,COFLONORTE,SSR925,,,,
869671070587645,2026-02-12,2026-02-18,10,10,0,OK,200,"{""status"":""OK"",""code"":200,""data"":""command send successfully""}","AT+GTDAT=gv300w,1,,CMD97,0,,,,FFFF$",21.0,W1T964231S0766649,SCHWAGER SERVICE S.A.,TVCH78,,,,
867162027955731,2026-02-12,2026-02-23,15,15,0,OK,200,"{""status"":""OK"",""code"":200,""data"":""command send successfully""}","AT+GTDAT=gv300w,1,,CMD97,0,,,,FFFF$",30.0,W1T964231N0512488,EMIN,RFGB-75,,,,
869671070589138,2026-02-12,2026-02-25,17,17,0,OK,200,"{""status"":""OK"",""code"":200,""data"":""command send successfully""}","AT+GTDAT=gv300w,1,,CMD97,0,,,,FFFF$",30.0,JL6AFC6A7RK005323,100% EQUIPADOS,K005323,,,,
869671072165556,2026-02-12,2026-02-25,17,17,0,OK,200,"{""status"":""OK"",""code"":200,""data"":""command send successfully""}","AT+GTDAT=gv300w,1,,CMD97,0,,,,FFFF$",29.0,MEC0444P7TP075902,100% EQUIPADOS,P075902,,,,
869671070584592,2026-02-12,2026-02-12,1,1,0,OK,200,"{""status"":""OK"",""code"":200,""data"":""command send successfully""}","AT+GTDAT=gv300w,1,,CMD97,0,,,,FFFF$",16.0,9BM958264SB396508,100% EQUIPADOS,B396508,,,,
867162027944107,2026-02-12,2026-02-22,14,14,0,OK,200,"{""status"":""OK"",""code"":200,""data"":""command send successfully""}","AT+GTDAT=gv300w,1,,CMD97,0,,,,FFFF$",30.0,W1T964231P0575253,BESALCO MINERIA,SDCV.20,,,,
869671070585862,2026-02-12,2026-02-12,1,1,0,OK,200,"{""status"":""OK"",""code"":200,""data"":""command send successfully""}","AT+GTDAT=gv300w,1,,CMD97,0,,,,FFFF$",15.0,9BM958154SB370665,PESCO RENTAL,VBPB43,,,,
863457051731782,2026-02-12,2026-02-25,17,17,0,OK,200,"{""status"":""OK"",""code"":200,""data"":""command send successfully""}","AT+GTDAT=gv300w,1,,CMD97,0,,,,FFFF$",28.0,W1T964231R0674591,GRUPO MPM,TCSL67,,,,
869671070581275,2026-02-12,2026-02-25,17,17,0,OK,200,"{""status"":""OK"",""code"":200,""data"":""command send successfully""}","AT+GTDAT=gv300w,1,,CMD97,0,,,,FFFF$",29.0,JL6BGG6A0SK000382,PESCO RENTAL,VDTZ13,,,,
865413053142542,2026-02-12,2026-02-25,17,17,0,OK,200,"{""status"":""OK"",""code"":200,""data"":""command send successfully""}","AT+GTDAT=gv300w,1,,CMD97,0,,,,FFFF$",29.0,LSH14C4C1RA040139,GERENCIA GRUPO CONDOR,AAUX249,,,,
868589060644229,2026-02-12,2026-02-25,17,17,0,OK,200,"{""status"":""OK"",""code"":200,""data"":""command send successfully""}","AT+GTDAT=gv300w,1,,CMD97,0,,,,FFFF$",29.0,W1T964016T0822749,100% EQUIPADOS,0822749,,,,
869671070594914,2026-02-12,2026-02-20,12,12,0,OK,200,"{""status"":""OK"",""code"":200,""data"":""command send successfully""}","AT+GTDAT=gv300w,1,,CMD97,0,,,,FFFF$",24.0,W1T964231S0797452,100% EQUIPADOS,0797452,,,,
863457050615895,2026-02-12,2026-02-12,1,1,0,OK,200,"{""status"":""OK"",""code"":200,""data"":""command send successfully""}","AT+GTDAT=gv300w,1,,CMD97,0,,,,FFFF$",30.0,W1T964231P0598030,TREKRENTAL,SDRR-29,,,,
869671070591662,2026-02-12,2026-02-19,11,11,0,OK,200,"{""status"":""OK"",""code"":200,""data"":""command send successfully""}","AT+GTDAT=gv300w,1,,CMD97,0,,,,FFFF$",25.0,3ALHCYCY4SDWG0143,100% EQUIPADOS,DWG0143,,,,
869671070590276,2026-02-12,2026-02-23,15,15,0,OK,200,"{""status"":""OK"",""code"":200,""data"":""command send successfully""}","AT+GTDAT=gv300w,1,,CMD97,0,,,,FFFF$",30.0,JL6CJH6A3RK007557,100% EQUIPADOS,007557,,,,
863457051666129,2026-02-12,2026-02-12,1,1,0,OK,200,"{""status"":""OK"",""code"":200,""data"":""command send successfully""}","AT+GTDAT=gv300w,1,,CMD97,0,,,,FFFF$",15.0,W1T964231R0708207,TREKRENTAL,TCFL-80,,,,
869671070577372,2026-02-12,2026-02-16,8,8,0,OK,200,"{""status"":""OK"",""code"":200,""data"":""command send successfully""}","AT+GTDAT=gv300w,1,,CMD97,0,,,,FFFF$",30.0,3ALHG3DV6SDVY6370,PESCO RENTAL,TZYF63,,,,
869671070574569,2026-02-12,2026-02-19,11,11,0,OK,200,"{""status"":""OK"",""code"":200,""data"":""command send successfully""}","AT+GTDAT=gv300w,1,,CMD97,0,,,,FFFF$",23.0,9BM958154SB370476,PESCO RENTAL,VBGT90,,,,
869671070587850,2026-02-12,2026-02-25,17,17,0,OK,200,"{""status"":""OK"",""code"":200,""data"":""command send successfully""}","AT+GTDAT=gv300w,1,,CMD97,0,,,,FFFF$",28.0,YS2R4X20005464405,STOCK,AASV472,,,,
869671070590805,2026-02-12,2026-02-24,16,16,0,OK,200,"{""status"":""OK"",""code"":200,""data"":""command send successfully""}","AT+GTDAT=gv300w,1,,CMD97,0,,,,FFFF$",28.0,W1T964231S0792910,INCOLUR (CM),TZGK-78,,,,
867162026817288,2026-02-12,2026-02-25,17,17,0,OK,200,"{""status"":""OK"",""code"":200,""data"":""command send successfully""}","AT+GTDAT=gv300w,1,,CMD97,0,,,,FFFF$",30.0,WDB932315K0305191,TREKRENTAL,LRSR61,,,,
869671070581952,2026-02-12,2026-02-22,14,14,0,OK,200,"{""status"":""OK"",""code"":200,""data"":""command send successfully""}","AT+GTDAT=gv300w,1,,CMD97,0,,,,FFFF$",25.0,JL6BHG6A6SK007527,100% EQUIPADOS,K007527,,,,
869671070583115,2026-02-12,2026-02-21,13,13,0,OK,200,"{""status"":""OK"",""code"":200,""data"":""command send successfully""}","AT+GTDAT=gv300w,1,,CMD97,0,,,,FFFF$",30.0,JL6CJH6A1TK000579,100% EQUIPADOS,TK000579,,,,
869671070575012,2026-02-12,2026-02-25,17,17,0,OK,200,"{""status"":""OK"",""code"":200,""data"":""command send successfully""}","AT+GTDAT=gv300w,1,,CMD97,0,,,,FFFF$",30.0,JL6AFE6A5RK006983,100% EQUIPADOS,K006983,,,,
869671070588247,2026-02-12,2026-02-22,14,14,0,OK,200,"{""status"":""OK"",""code"":200,""data"":""command send successfully""}","AT+GTDAT=gv300w,1,,CMD97,0,,,,FFFF$",30.0,9BM958154RB343048,100% EQUIPADOS,343048,,,,
869671072170598,2026-02-12,2026-02-25,17,17,0,OK,200,"{""status"":""OK"",""code"":200,""data"":""command send successfully""}","AT+GTDAT=gv300w,1,,CMD97,0,,,,FFFF$",28.0,JL6BHG6A3TK000519,100% EQUIPADOS,K000519,,,,
863457050639879,2026-02-12,2026-02-23,15,15,0,OK,200,"{""status"":""OK"",""code"":200,""data"":""command send successfully""}","AT+GTDAT=gv300w,1,,CMD97,0,,,,FFFF$",30.0,W1T964231P0611158,TREKRENTAL,SPCR74,,,,
863457050644580,2026-02-12,2026-02-14,5,5,0,OK,200,"{""status"":""OK"",""code"":200,""data"":""command send successfully""}","AT+GTDAT=gv300w,1,,CMD97,0,,,,FFFF$",30.0,W1T963424P0604599,FORESTAL ARAUCO S.A.,604599,,,,
869671070597750,2026-02-12,2026-02-23,15,15,0,OK,200,"{""status"":""OK"",""code"":200,""data"":""command send successfully""}","AT+GTDAT=gv300w,1,,CMD97,0,,,,FFFF$",30.0,3AKJHPDV5PSUD5528,SOTRASER S A,UD5528,,,,
869671072171752,2026-02-12,2026-02-22,14,14,0,OK,200,"{""status"":""OK"",""code"":200,""data"":""command send successfully""}","AT+GTDAT=gv300w,1,,CMD97,0,,,,FFFF$",30.0,W1T964231T0835233,INCOLUR (CM),VLZX25,,,,
869671070575673,2026-02-12,2026-02-19,11,11,0,OK,200,"{""status"":""OK"",""code"":200,""data"":""command send successfully""}","AT+GTDAT=gv300w,1,,CMD97,0,,,,FFFF$",24.0,3ALHCYCY0SDWG0141,STOCK,DWG0141,,,,
869671070584360,2026-02-12,2026-02-12,1,1,0,OK,200,"{""status"":""OK"",""code"":200,""data"":""command send successfully""}","AT+GTDAT=gv300w,1,,CMD97,0,,,,FFFF$",30.0,W1T964216S0792911,STOCK,0792911,,,,
869671072171547,2026-02-12,2026-02-25,17,17,0,OK,200,"{""status"":""OK"",""code"":200,""data"":""command send successfully""}","AT+GTDAT=gv300w,1,,CMD97,0,,,,FFFF$",29.0,W1T964016T0834269,100% EQUIPADOS,0834269,,,,
863457051070280,2026-02-12,2026-02-18,10,10,0,OK,200,"{""status"":""OK"",""code"":200,""data"":""command send successfully""}","AT+GTDAT=gv300w,1,,CMD97,0,,,,FFFF$",29.0,W1NFB1KBXPA840695,[RRHH] SERVICIOS GENERALES,TBWK28,,,,
863457052206560,2026-02-12,2026-02-23,15,15,0,OK,200,"{""status"":""OK"",""code"":200,""data"":""command send successfully""}","AT+GTDAT=gv300w,1,,CMD97,0,,,,FFFF$",30.0,9BM634011PB282630,STOCK CHILE - BUSES & VANS,282630,,,,
865413056980179,2026-02-12,2026-02-22,14,14,0,OK,200,"{""status"":""OK"",""code"":200,""data"":""command send successfully""}","AT+GTDAT=gv300w,1,,CMD97,0,,,,FFFF$",30.0,JL6CJH6A9RK006963,100% EQUIPADOS,K006963,,,,
863457052203724,2026-02-12,2026-02-15,7,7,0,OK,200,"{""status"":""OK"",""code"":200,""data"":""command send successfully""}","AT+GTDAT=gv300w,1,,CMD97,0,,,,FFFF$",30.0,W1T964231R0718095,EXPLONORTE CHILE SPA.,718095,,,,
863457051081881,2026-02-12,2026-02-23,15,15,0,OK,200,"{""status"":""OK"",""code"":200,""data"":""command send successfully""}","AT+GTDAT=gv300w,1,,CMD97,0,,,,FFFF$",30.0,W1T964231P0627129,GRUPO DRILLCO,SPDJ33,,,,
869671070585607,2026-02-12,2026-02-22,14,14,0,OK,200,"{""status"":""OK"",""code"":200,""data"":""command send successfully""}","AT+GTDAT=gv300w,1,,CMD97,0,,,,FFFF$",30.0,JL6CLH6A0SK006916,100% EQUIPADOS,K006916,,,,
869671070594617,2026-02-12,2026-02-16,8,8,0,OK,200,"{""status"":""OK"",""code"":200,""data"":""command send successfully""}","AT+GTDAT=gv300w,1,,CMD97,0,,,,FFFF$",25.0,JL6BGG6AXSK000437,100% EQUIPADOS,K000437,,,,
868589060183897,2026-02-12,2026-02-19,11,11,0,OK,200,"{""status"":""OK"",""code"":200,""data"":""command send successfully""}","AT+GTDAT=gv300w,1,,CMD97,0,,,,FFFF$",22.0,9BM958260RB346758,TREKRENTAL,TLPD-53,,,,
863457050624350,2026-02-12,2026-02-13,3,3,0,OK,200,"{""status"":""OK"",""code"":200,""data"":""command send successfully""}","AT+GTDAT=gv300w,1,,CMD97,0,,,,FFFF$",21.0,W1T964231P0597625,TREKRENTAL,SHVT51,,,,
863457051064085,2026-02-12,2026-02-25,17,17,0,OK,200,"{""status"":""OK"",""code"":200,""data"":""command send successfully""}","AT+GTDAT=gv300w,1,,CMD97,0,,,,FFFF$",29.0,W1T964231P0649141,KOMATSU (CM),SVZJ75,,,,
863238070326766,2026-02-12,2026-02-25,17,17,0,OK,200,"{""status"":""OK"",""code"":200,""data"":""command send successfully""}","AT+GTDAT=gv300w,1,,CMD97,0,,,,FFFF$",29.0,JL6BHG6A2TK000124,100% EQUIPADOS,K000124,,,,
863457050268521,2026-02-12,2026-02-25,17,17,0,OK,200,"{""status"":""OK"",""code"":200,""data"":""command send successfully""}","AT+GTDAT=gv300w,1,,CMD97,0,,,,FFFF$",30.0,LSFAM11A5NA061425,TERRA NORTE SPA (CM),RXFG65,,,,
869671072172016,2026-02-12,2026-02-25,17,17,0,OK,200,"{""status"":""OK"",""code"":200,""data"":""command send successfully""}","AT+GTDAT=gv300w,1,,CMD97,0,,,,FFFF$",30.0,W1T964231T0835568,TRANEX,VRXW16,,,,
867162027634666,2026-02-12,2026-02-23,15,15,0,OK,200,"{""status"":""OK"",""code"":200,""data"":""command send successfully""}","AT+GTDAT=gv300w,1,,CMD97,0,,,,FFFF$",30.0,WDB932315L0367075,EMIN,PGPZ33,,,,
869671070585276,2026-02-12,2026-02-13,3,3,0,OK,200,"{""status"":""OK"",""code"":200,""data"":""command send successfully""}","AT+GTDAT=gv300w,1,,CMD97,0,,,,FFFF$",30.0,LVCB4L4D9LM002675,STOCK,M002675,,,,
867162027887207,2026-02-12,2026-02-12,1,1,0,OK,200,"{""status"":""OK"",""code"":200,""data"":""command send successfully""}","AT+GTDAT=gv300w,1,,CMD97,0,,,,FFFF$",30.0,3AKJHPDVXNSNJ2928,SOTRASER S A,C-1934,,,,
869671070575038,2026-02-12,2026-02-13,2,2,0,OK,200,"{""status"":""OK"",""code"":200,""data"":""command send successfully""}","AT+GTDAT=gv300w,1,,CMD97,0,,,,FFFF$",21.0,9BM958174SB379767,100% EQUIPADOS,B379767,,,,
863457052208376,2026-02-12,2026-02-25,17,17,0,OK,200,"{""status"":""OK"",""code"":200,""data"":""command send successfully""}","AT+GTDAT=gv300w,1,,CMD97,0,,,,FFFF$",28.0,JL6CDH634RK003638,GERENCIA ELECTROMOVILIDAD,TSRX53,,,,
863238070322419,2026-02-12,2026-02-25,17,17,0,OK,200,"{""status"":""OK"",""code"":200,""data"":""command send successfully""}","AT+GTDAT=gv300w,1,,CMD97,0,,,,FFFF$",29.0,3ALHG3DV8TDWN2273,100% EQUIPADOS,DWN2273,,,,
867162027187350,2026-02-12,2026-02-23,15,15,0,OK,200,"{""status"":""OK"",""code"":200,""data"":""command send successfully""}","AT+GTDAT=gv300w,1,,CMD97,0,,,,FFFF$",30.0,WDB932315K0311695,EMIN,PGPZ32,,,,
863457052211693,2026-02-12,2026-02-16,8,8,0,OK,200,"{""status"":""OK"",""code"":200,""data"":""command send successfully""}","AT+GTDAT=gv300w,1,,CMD97,0,,,,FFFF$",25.0,9BM958154RB349487,RD RENTAL,THRY80,,,,
863457051668141,2026-02-12,2026-02-18,10,10,0,OK,200,"{""status"":""OK"",""code"":200,""data"":""command send successfully""}","AT+GTDAT=gv300w,1,,CMD97,0,,,,FFFF$",24.0,W1T964231R0708913,TREKRENTAL,TDZH-30,,,,
868589060354126,2026-02-12,2026-02-22,14,14,0,OK,200,"{""status"":""OK"",""code"":200,""data"":""command send successfully""}","AT+GTDAT=gv300w,1,,CMD97,0,,,,FFFF$",30.0,W1T964216S0791963,TREKRENTAL,TYGP-41,,,,
867162026497859,2026-02-12,2026-02-18,10,10,0,OK,200,"{""status"":""OK"",""code"":200,""data"":""command send successfully""}","AT+GTDAT=gv300w,1,,CMD97,0,,,,FFFF$",21.0,WDB932315K0268472,CONPAX MAQUINARIAS,KWKK68,,,,
869671070574718,2026-02-12,2026-02-17,9,9,0,OK,200,"{""status"":""OK"",""code"":200,""data"":""command send successfully""}","AT+GTDAT=gv300w,1,,CMD97,0,,,,FFFF$",30.0,JL6CLH6A1SK003670,100% EQUIPADOS,K003670,,,,
863238070324332,2026-02-12,2026-02-24,16,16,0,OK,200,"{""status"":""OK"",""code"":200,""data"":""command send successfully""}","AT+GTDAT=gv300w,1,,CMD97,0,,,,FFFF$",30.0,1FVHG3DVXSHWE6592,100% EQUIPADOS,HWE6592,,,,
869671070580962,2026-02-12,2026-02-19,11,11,0,OK,200,"{""status"":""OK"",""code"":200,""data"":""command send successfully""}","AT+GTDAT=gv300w,1,,CMD97,0,,,,FFFF$",30.0,3ALHG3DV3TDWN2276,STOCK,DWN2276,,,,
863238070324910,2026-02-12,2026-02-25,17,17,0,OK,200,"{""status"":""OK"",""code"":200,""data"":""command send successfully""}","AT+GTDAT=gv300w,1,,CMD97,0,,,,FFFF$",30.0,JL6CJH6A1TK000484,100% EQUIPADOS,TK000484,,,,
869671070576887,2026-02-12,2026-02-16,8,8,0,OK,200,"{""status"":""OK"",""code"":200,""data"":""command send successfully""}","AT+GTDAT=gv300w,1,,CMD97,0,,,,FFFF$",22.0,MEC0574P4SP073442,100% EQUIPADOS,P073442,,,,
863457051683439,2026-02-12,2026-02-17,9,9,0,OK,200,"{""status"":""OK"",""code"":200,""data"":""command send successfully""}","AT+GTDAT=gv300w,1,,CMD97,0,,,,FFFF$",21.0,W1T964016P0623060,TREKRENTAL,TCYH43,,,,
863457052211875,2026-02-12,2026-02-22,14,14,0,OK,200,"{""status"":""OK"",""code"":200,""data"":""command send successfully""}","AT+GTDAT=gv300w,1,,CMD97,0,,,,FFFF$",30.0,3AKJHPDV6PSUD5571,STOCK,UD5571,,,,
869671070585680,2026-02-12,2026-02-24,16,16,0,OK,200,"{""status"":""OK"",""code"":200,""data"":""command send successfully""}","AT+GTDAT=gv300w,1,,CMD97,0,,,,FFFF$",30.0,9BM634016SB387027,STOCK CHILE - BUSES & VANS,B387027,,,,
869671070592702,2026-02-12,2026-02-17,9,9,0,OK,200,"{""status"":""OK"",""code"":200,""data"":""command send successfully""}","AT+GTDAT=gv300w,1,,CMD97,0,,,,FFFF$",30.0,3ALHG3DV6RDUX3674,PESCO RENTAL,TVHT33,,,,
867162025928250,2026-02-12,2026-02-18,10,10,0,OK,200,"{""status"":""OK"",""code"":200,""data"":""command send successfully""}","AT+GTDAT=gv300w,1,,CMD97,0,,,,FFFF$",30.0,WDB964414J0164898,COMPAÑÍA MINERA SANTA LAURA,KHSP72,,,,
868589060681346,2026-02-12,2026-02-25,17,17,0,OK,200,"{""status"":""OK"",""code"":200,""data"":""command send successfully""}","AT+GTDAT=gv300w,1,,CMD97,0,,,,FFFF$",30.0,W1T964016T0823001,100% EQUIPADOS,0823001,,,,
868589060160036,2026-02-12,2026-02-22,14,14,0,OK,200,"{""status"":""OK"",""code"":200,""data"":""command send successfully""}","AT+GTDAT=gv300w,1,,CMD97,0,,,,FFFF$",30.0,WDB932315K0303018,CONPAX MAQUINARIAS,LJKY17,,,,
863457052208657,2026-02-12,2026-02-22,14,14,0,OK,200,"{""status"":""OK"",""code"":200,""data"":""command send successfully""}","AT+GTDAT=gv300w,1,,CMD97,0,,,,FFFF$",30.0,9BM634074RB342043,DIVEMOTOR PERU,CPF-321,,,,
868589060264531,2026-02-12,2026-02-25,17,17,0,OK,200,"{""status"":""OK"",""code"":200,""data"":""command send successfully""}","AT+GTDAT=gv300w,1,,CMD97,0,,,,FFFF$",28.0,WDB932315J0182142,GRUPO COMISOL,JYJP90,,,,
869671070587157,2026-02-12,2026-02-17,9,9,0,OK,200,"{""status"":""OK"",""code"":200,""data"":""command send successfully""}","AT+GTDAT=gv300w,1,,CMD97,0,,,,FFFF$",30.0,W1T963425M0435000,GRUPO COTAL (CM),PDCB81,,,,
863457050574092,2026-02-12,2026-02-17,9,9,0,OK,200,"{""status"":""OK"",""code"":200,""data"":""command send successfully""}","AT+GTDAT=gv300w,1,,CMD97,0,,,,FFFF$",27.0,W1T964231P0595772,KOMATSU (CM),SGTL44,,,,
869671070592181,2026-02-12,2026-02-15,7,7,0,OK,200,"{""status"":""OK"",""code"":200,""data"":""command send successfully""}","AT+GTDAT=gv300w,1,,CMD97,0,,,,FFFF$",30.0,JL6AFE6A3SK006373,100% EQUIPADOS,K006373,,,,
869671070597016,2026-02-12,2026-02-25,17,17,0,OK,200,"{""status"":""OK"",""code"":200,""data"":""command send successfully""}","AT+GTDAT=gv300w,1,,CMD97,0,,,,FFFF$",28.0,W1T964231RB319648,JRC SPA,TCWY86,,,,
869671070583859,2026-02-12,2026-02-25,17,17,0,OK,200,"{""status"":""OK"",""code"":200,""data"":""command send successfully""}","AT+GTDAT=gv300w,1,,CMD97,0,,,,FFFF$",30.0,W1T964231T0835898,TRANEX,VRXV91,,,,
869671070594195,2026-02-12,2026-02-25,17,17,0,OK,200,"{""status"":""OK"",""code"":200,""data"":""command send successfully""}","AT+GTDAT=gv300w,1,,CMD97,0,,,,FFFF$",30.0,9BM951104RB333262,TREKRENTAL,TFKV98,,,,
863457051074753,2026-02-12,2026-02-25,17,17,0,OK,200,"{""status"":""OK"",""code"":200,""data"":""command send successfully""}","AT+GTDAT=gv300w,1,,CMD97,0,,,,FFFF$",30.0,9536R8263PR024519,CSI,SPPP11,,,,
867162027844638,2026-02-12,2026-02-25,17,17,0,OK,200,"{""status"":""OK"",""code"":200,""data"":""command send successfully""}","AT+GTDAT=gv300w,1,,CMD97,0,,,,FFFF$",28.0,W1T964231N0558665,CONPAX MAQUINARIAS,RRSD74,,,,
869671070598758,2026-02-12,2026-02-25,17,17,0,OK,200,"{""status"":""OK"",""code"":200,""data"":""command send successfully""}","AT+GTDAT=gv300w,1,,CMD97,0,,,,FFFF$",29.0,W1T964231S0788388,STOCK,0788388,,,,
869671070587397,2026-02-12,2026-02-25,17,17,0,OK,200,"{""status"":""OK"",""code"":200,""data"":""command send successfully""}","AT+GTDAT=gv300w,1,,CMD97,0,,,,FFFF$",30.0,3AKJHPDV1PSUD5512,SOTRASER S A,UD5512,,,,
869671070583834,2026-02-12,2026-02-25,17,17,0,OK,200,"{""status"":""OK"",""code"":200,""data"":""command send successfully""}","AT+GTDAT=gv300w,1,,CMD97,0,,,,FFFF$",30.0,JL6BHG6A5TK000490,100% EQUIPADOS,TK000490,,,,
868589060167056,2026-02-12,2026-02-25,17,17,0,OK,200,"{""status"":""OK"",""code"":200,""data"":""command send successfully""}","AT+GTDAT=gv300w,1,,CMD97,0,,,,FFFF$",30.0,W1T964016T0822748,100% EQUIPADOS,0822748,,,,
863457052177258,2026-02-12,2026-02-22,14,14,0,OK,200,"{""status"":""OK"",""code"":200,""data"":""command send successfully""}","AT+GTDAT=gv300w,1,,CMD97,0,,,,FFFF$",30.0,LZFH25X43ND582997,SOTRASER S A,TBLG73,,,,
863457051697207,2026-02-12,2026-02-25,17,17,0,OK,200,"{""status"":""OK"",""code"":200,""data"":""command send successfully""}","AT+GTDAT=gv300w,1,,CMD97,0,,,,FFFF$",30.0,W1T964231R0705939,GRUPO MPM,TFJR17,,,,
869671070590979,2026-02-13,2026-02-13,1,1,0,OK,200,"{""status"":""OK"",""code"":200,""data"":""command send successfully""}","AT+GTDAT=gv300w,1,,CMD97,0,,,,FFFF$",15.0,W1T963425R0668557,100% EQUIPADOS,0668557,,,,
869671072163734,2026-02-13,2026-02-25,16,16,0,OK,200,"{""status"":""OK"",""code"":200,""data"":""command send successfully""}","AT+GTDAT=gv300w,1,,CMD97,0,,,,FFFF$",27.0,9BM634013RB344350,COFLONORTE,SSR773,,,,
863457052180575,2026-02-13,2026-02-24,15,15,0,OK,200,"{""status"":""OK"",""code"":200,""data"":""command send successfully""}","AT+GTDAT=gv300w,1,,CMD97,0,,,,FFFF$",26.0,ASVRT135LRDF011357,SI AUSTRAL LTDA.,F01357,,,,
867162027190347,2026-02-13,2026-02-15,6,6,0,OK,200,"{""status"":""OK"",""code"":200,""data"":""command send successfully""}","AT+GTDAT=gv300w,1,,CMD97,0,,,,FFFF$",17.0,WDB964414L0374138,COMPAÑÍA MINERA SANTA LAURA,LPBY11,,,,
863457050605912,2026-02-13,2026-02-25,16,16,0,OK,200,"{""status"":""OK"",""code"":200,""data"":""command send successfully""}","AT+GTDAT=gv300w,1,,CMD97,0,,,,FFFF$",27.0,W1T964231P0604221,INCOLUR (CM),SLXW-44,,,,
867162027840099,2026-02-13,2026-02-25,16,16,0,OK,200,"{""status"":""OK"",""code"":200,""data"":""command send successfully""}","AT+GTDAT=gv300w,1,,CMD97,0,,,,FFFF$",27.0,WDB964231L0390574,INCOLUR (CM),LXCY-47,,,,
868589060167890,2026-02-13,2026-02-25,16,16,0,OK,200,"{""status"":""OK"",""code"":200,""data"":""command send successfully""}","AT+GTDAT=gv300w,1,,CMD97,0,,,,FFFF$",27.0,W1T964231S0773051,TREKRENTAL,TYGH71,,,,
869671070584576,2026-02-13,2026-02-14,4,4,0,OK,200,"{""status"":""OK"",""code"":200,""data"":""command send successfully""}","AT+GTDAT=gv300w,1,,CMD97,0,,,,FFFF$",16.0,W1T964216R0730882,ALBERTO ERNESTO KRUGER ORREGO CHOAPA CHOAPA,0730882,,,,
869671070593882,2026-02-13,2026-02-25,16,16,0,OK,200,"{""status"":""OK"",""code"":200,""data"":""command send successfully""}","AT+GTDAT=gv300w,1,,CMD97,0,,,,FFFF$",27.0,MEC0444P8PP062257,100% EQUIPADOS,P062257,,,,
863457050565397,2026-02-13,2026-02-13,1,1,0,OK,200,"{""status"":""OK"",""code"":200,""data"":""command send successfully""}","AT+GTDAT=gv300w,1,,CMD97,0,,,,FFFF$",15.0,9BM958154PB269380,RESITER,269380,,,,
867162027179506,2026-02-13,2026-02-17,8,8,0,OK,200,"{""status"":""OK"",""code"":200,""data"":""command send successfully""}","AT+GTDAT=gv300w,1,,CMD97,0,,,,FFFF$",19.0,3AKJHPDV0KSKP7144,TRANSVER (CM),LRSY38,,,,
869671070579238,2026-02-13,2026-02-16,7,7,0,OK,200,"{""status"":""OK"",""code"":200,""data"":""command send successfully""}","AT+GTDAT=gv300w,1,,CMD97,0,,,,FFFF$",18.0,JL6AFE6A9SK006376,100% EQUIPADOS,K006376,,,,
869671070577257,2026-02-13,2026-02-25,16,16,0,OK,200,"{""status"":""OK"",""code"":200,""data"":""command send successfully""}","AT+GTDAT=gv300w,1,,CMD97,0,,,,FFFF$",27.0,9BM951104SB385405,100% EQUIPADOS,B385405,,,,
869671070586670,2026-02-13,2026-02-25,16,16,0,OK,200,"{""status"":""OK"",""code"":200,""data"":""command send successfully""}","AT+GTDAT=gv300w,1,,CMD97,0,,,,FFFF$",27.0,W1T963425SB400086,100% EQUIPADOS,B400086,,,,
869671070582166,2026-02-13,2026-02-24,15,15,0,OK,200,"{""status"":""OK"",""code"":200,""data"":""command send successfully""}","AT+GTDAT=gv300w,1,,CMD97,0,,,,FFFF$",26.0,9BM958154SB358097,STOCK,B358097,,,,
867162029788353,2026-02-13,2026-02-23,14,14,0,OK,200,"{""status"":""OK"",""code"":200,""data"":""command send successfully""}","AT+GTDAT=gv300w,1,,CMD97,0,,,,FFFF$",25.0,W1T964414N0505524,SERVILINARES (CM),RDVL18,,,,
867162029134533,2026-02-13,2026-02-16,7,7,0,OK,200,"{""status"":""OK"",""code"":200,""data"":""command send successfully""}","AT+GTDAT=gv300w,1,,CMD97,0,,,,FFFF$",18.0,WDB964231L0422331,BESALCO ARRIENDA,PJFV15,,,,
867162029798964,2026-02-13,2026-02-19,10,10,0,OK,200,"{""status"":""OK"",""code"":200,""data"":""command send successfully""}","AT+GTDAT=gv300w,1,,CMD97,0,,,,FFFF$",21.0,9BM958260NB227452,TRANSPORTES HERNAN VALDES,RKHG63,,,,
869671070596646,2026-02-13,2026-02-13,1,1,0,OK,200,"{""status"":""OK"",""code"":200,""data"":""command send successfully""}","AT+GTDAT=gv300w,1,,CMD97,0,,,,FFFF$",15.0,9BM634074RB337154,DIVEMOTOR PERU,CMS-327,,,,
869671070594286,2026-02-14,2026-02-25,14,14,0,OK,200,"{""status"":""OK"",""code"":200,""data"":""command send successfully""}","AT+GTDAT=gv300w,1,,CMD97,0,,,,FFFF$",26.0,W1T964231S0793119,INCOLUR (CM),VDTY-60,,,,
869671070597883,2026-02-14,2026-02-25,14,14,0,OK,200,"{""status"":""OK"",""code"":200,""data"":""command send successfully""}","AT+GTDAT=gv300w,1,,CMD97,0,,,,FFFF$",26.0,9BM958134RB331286,SERVICIOS AGRICOLAS Y FORESTALES MECANIZADOS SEFOMEC LIMITADA,B331286,,,,
863457050631082,2026-02-14,2026-02-15,4,4,0,OK,200,"{""status"":""OK"",""code"":200,""data"":""command send successfully""}","AT+GTDAT=gv300w,1,,CMD97,0,,,,FFFF$",16.0,W1T963425PB299716,GERENCIA CAMIONES,SPHT45,,,,
867162029141850,2026-02-14,2026-02-25,14,14,0,OK,200,"{""status"":""OK"",""code"":200,""data"":""command send successfully""}","AT+GTDAT=gv300w,1,,CMD97,0,,,,FFFF$",26.0,W1T964231N0558040,RENTAMAQ,RYHR11,,,,
869671070598402,2026-02-14,2026-02-25,14,14,0,OK,200,"{""status"":""OK"",""code"":200,""data"":""command send successfully""}","AT+GTDAT=gv300w,1,,CMD97,0,,,,FFFF$",26.0,W1T964231S0779765,STOCK,0779765,,,,
868589060174003,2026-02-14,2026-02-25,14,14,0,OK,200,"{""status"":""OK"",""code"":200,""data"":""command send successfully""}","AT+GTDAT=gv300w,1,,CMD97,0,,,,FFFF$",26.0,W1T964016L0426114,CSI,PHLF95,,,,
869671070598485,2026-02-14,2026-02-25,14,14,0,OK,200,"{""status"":""OK"",""code"":200,""data"":""command send successfully""}","AT+GTDAT=gv300w,1,,CMD97,0,,,,FFFF$",26.0,JL6AFE6AXRK003660,100% EQUIPADOS,003660,,,,
867162027954007,2026-02-14,2026-02-23,12,12,0,OK,200,"{""status"":""OK"",""code"":200,""data"":""command send successfully""}","AT+GTDAT=gv300w,1,,CMD97,0,,,,FFFF$",24.0,3AKJHPDV1PSNL7333,TRANSPORTES VERASAY SPA,SWBT22,,,,
869671070585888,2026-02-14,2026-02-15,4,4,0,OK,200,"{""status"":""OK"",""code"":200,""data"":""command send successfully""}","AT+GTDAT=gv300w,1,,CMD97,0,,,,FFFF$",16.0,JL6AFE6A6TK000102,100% EQUIPADOS,K000102,,,,
869671072165614,2026-02-14,2026-02-25,14,14,0,OK,200,"{""status"":""OK"",""code"":200,""data"":""command send successfully""}","AT+GTDAT=gv300w,1,,CMD97,0,,,,FFFF$",26.0,JL6BHG6A6TK000482,100% EQUIPADOS,TK000482,,,,
863457051668927,2026-02-14,2026-02-25,14,14,0,OK,200,"{""status"":""OK"",""code"":200,""data"":""command send successfully""}","AT+GTDAT=gv300w,1,,CMD97,0,,,,FFFF$",26.0,W1T964231R0743710,STOCK,743710,,,,
868589060380477,2026-02-14,2026-02-19,8,8,0,OK,200,"{""status"":""OK"",""code"":200,""data"":""command send successfully""}","AT+GTDAT=gv300w,1,,CMD97,0,,,,FFFF$",20.0,9535V6TB8RR068378,CSI,TPPF-62,,,,
863457051696548,2026-02-14,2026-02-25,13,13,0,OK,200,"{""status"":""OK"",""code"":200,""data"":""command send successfully""}","AT+GTDAT=gv300w,1,,CMD97,0,,,,FFFF$",25.0,LSFAL1109RA043848,EVERCRISP SNACK PRODUCTOS DE CHILE S A,043848,,,,
863457050278751,2026-02-15,2026-02-18,5,5,0,OK,200,"{""status"":""OK"",""code"":200,""data"":""command send successfully""}","AT+GTDAT=gv300w,1,,CMD97,0,,,,FFFF$",18.0,SL9563CB07918,TERRA NORTE SPA (CM),PHDP80,,,,
863457052176078,2026-02-15,2026-02-15,1,1,0,OK,200,"{""status"":""OK"",""code"":200,""data"":""command send successfully""}","AT+GTDAT=gv300w,1,,CMD97,0,,,,FFFF$",15.0,9BM634016RB330504,SOCIEDAD DE TRANSPORTES SANTA ANGELA LTDA,330504,,,,
867162026500116,2026-02-15,2026-02-25,12,12,0,OK,200,"{""status"":""OK"",""code"":200,""data"":""command send successfully""}","AT+GTDAT=gv300w,1,,CMD97,0,,,,FFFF$",25.0,WDB932315L0367077,EMIN,PGPZ35,,,,
863457050645173,2026-02-15,2026-02-25,12,12,0,OK,200,"{""status"":""OK"",""code"":200,""data"":""command send successfully""}","AT+GTDAT=gv300w,1,,CMD97,0,,,,FFFF$",25.0,LSH14C4C4NA101123,GRUPO TNT,SWJH45,,,,
867162027847193,2026-02-15,2026-02-15,2,2,0,OK,200,"{""status"":""OK"",""code"":200,""data"":""command send successfully""}","AT+GTDAT=gv300w,1,,CMD97,0,,,,FFFF$",15.0,W1T964231N0512162,EMIN,RFGB-60,,,,
869671070591381,2026-02-15,2026-02-20,7,7,0,OK,200,"{""status"":""OK"",""code"":200,""data"":""command send successfully""}","AT+GTDAT=gv300w,1,,CMD97,0,,,,FFFF$",20.0,W1T964231S0793544,100% EQUIPADOS,0793544,,,,
869671070586456,2026-02-15,2026-02-19,6,6,0,OK,200,"{""status"":""OK"",""code"":200,""data"":""command send successfully""}","AT+GTDAT=gv300w,1,,CMD97,0,,,,FFFF$",19.0,W1T964231S0790984,GRUPO MPM,TYDV57,,,,
869671072167040,2026-02-16,2026-02-25,10,10,0,OK,200,"{""status"":""OK"",""code"":200,""data"":""command send successfully""}","AT+GTDAT=gv300w,1,,CMD97,0,,,,FFFF$",24.0,JL6BHG6A5TK000439,100% EQUIPADOS,TK000439,,,,
869671070575533,2026-02-16,2026-02-21,6,6,0,OK,200,"{""status"":""OK"",""code"":200,""data"":""command send successfully""}","AT+GTDAT=gv300w,1,,CMD97,0,,,,FFFF$",20.0,W1T964231S0789507,100% EQUIPADOS,0789507,,,,
869671070598501,2026-02-16,2026-02-25,10,10,0,OK,200,"{""status"":""OK"",""code"":200,""data"":""command send successfully""}","AT+GTDAT=gv300w,1,,CMD97,0,,,,FFFF$",24.0,W1T964231S0779763,100% EQUIPADOS,779763,,,,
869671070596943,2026-02-16,2026-02-25,10,10,0,OK,200,"{""status"":""OK"",""code"":200,""data"":""command send successfully""}","AT+GTDAT=gv300w,1,,CMD97,0,,,,FFFF$",24.0,JL6CLH6A9SK006381,100% EQUIPADOS,K006381,,,,
863457052209119,2026-02-16,2026-02-25,10,10,0,OK,200,"{""status"":""OK"",""code"":200,""data"":""command send successfully""}","AT+GTDAT=gv300w,1,,CMD97,0,,,,FFFF$",24.0,W1T964231R0722000,GRUPO MPM,TGGG38,,,,
869671072166257,2026-02-17,2026-02-25,9,9,0,OK,200,"{""status"":""OK"",""code"":200,""data"":""command send successfully""}","AT+GTDAT=gv300w,1,,CMD97,0,,,,FFFF$",23.0,W1T963414TB440696,AGENCIAS UNIVERSALES S A,VRFD19,,,,
867162026969949,2026-02-17,2026-02-25,9,9,0,OK,200,"{""status"":""OK"",""code"":200,""data"":""command send successfully""}","AT+GTDAT=gv300w,1,,CMD97,0,,,,FFFF$",23.0,3AKJHPDV6KSKP7181,TRANSVER (CM),LRSY44,,,,
863457051076329,2026-02-17,2026-02-23,7,7,0,OK,200,"{""status"":""OK"",""code"":200,""data"":""command send successfully""}","AT+GTDAT=gv300w,1,,CMD97,0,,,,FFFF$",20.0,9BM958264RB322249,JOSE ROBERTO BARRIENTOS OJEDA,322249,,,,
867162029805868,2026-02-17,2026-02-25,9,9,0,OK,200,"{""status"":""OK"",""code"":200,""data"":""command send successfully""}","AT+GTDAT=gv300w,1,,CMD97,0,,,,FFFF$",23.0,W1T964016N0498877,CSI,PPZB32,,,,
863457051063731,2026-02-17,2026-02-18,2,2,0,OK,200,"{""status"":""OK"",""code"":200,""data"":""command send successfully""}","AT+GTDAT=gv300w,1,,CMD97,0,,,,FFFF$",16.0,9BM958441PB291936,TRANSPORTE CALIDRA SPA,291936,,,,
863238070319282,2026-02-17,2026-02-24,8,8,0,OK,200,"{""status"":""OK"",""code"":200,""data"":""command send successfully""}","AT+GTDAT=gv300w,1,,CMD97,0,,,,FFFF$",22.0,W1T964231S0759841,100% EQUIPADOS,0759841,,,,
869671070581572,2026-02-17,2026-02-23,7,7,0,OK,200,"{""status"":""OK"",""code"":200,""data"":""command send successfully""}","AT+GTDAT=gv300w,1,,CMD97,0,,,,FFFF$",21.0,W1T964414P0624005,ZUBLIN,0624005,,,,
863238070327731,2026-02-17,2026-02-25,9,9,0,OK,200,"{""status"":""OK"",""code"":200,""data"":""command send successfully""}","AT+GTDAT=gv300w,1,,CMD97,0,,,,FFFF$",23.0,W1T964231T0835860,TRANEX,VRXW12,,,,
869671070585433,2026-02-17,2026-02-25,9,9,0,OK,200,"{""status"":""OK"",""code"":200,""data"":""command send successfully""}","AT+GTDAT=gv300w,1,,CMD97,0,,,,FFFF$",23.0,JL6AFC6A0SK005749,100% EQUIPADOS,K005749,,,,
863457051733812,2026-02-17,2026-02-17,1,1,0,OK,200,"{""status"":""OK"",""code"":200,""data"":""command send successfully""}","AT+GTDAT=gv300w,1,,CMD97,0,,,,FFFF$",15.0,W1T963425PB295278,GRUPO GUILLERMO HUERTA,295278,,,,
867162027102748,2026-02-17,2026-02-25,9,9,0,OK,200,"{""status"":""OK"",""code"":200,""data"":""command send successfully""}","AT+GTDAT=gv300w,1,,CMD97,0,,,,FFFF$",23.0,JL5ASG6A7LRK30413,GERENCIA NEGOCIOS DIGITALES,LWHT66,,,,
863457050575339,2026-02-17,2026-02-25,9,9,0,OK,200,"{""status"":""OK"",""code"":200,""data"":""command send successfully""}","AT+GTDAT=gv300w,1,,CMD97,0,,,,FFFF$",23.0,W1T964231P0602654,KOMATSU (CM),SGTL98,,,,
869671070582588,2026-02-17,2026-02-25,9,9,0,OK,200,"{""status"":""OK"",""code"":200,""data"":""command send successfully""}","AT+GTDAT=gv300w,1,,CMD97,0,,,,FFFF$",23.0,9BM958434RB319826,100% EQUIPADOS,B319826,,,,
869671070591753,2026-02-17,2026-02-25,9,9,0,OK,200,"{""status"":""OK"",""code"":200,""data"":""command send successfully""}","AT+GTDAT=gv300w,1,,CMD97,0,,,,FFFF$",23.0,9BM958154SB371211,100% EQUIPADOS,B371211,,,,
869671070576317,2026-02-17,2026-02-24,8,8,0,OK,200,"{""status"":""OK"",""code"":200,""data"":""command send successfully""}","AT+GTDAT=gv300w,1,,CMD97,0,,,,FFFF$",22.0,W1T964231S0759842,100% EQUIPADOS,0759842,,,,
868589060411504,2026-02-17,2026-02-23,7,7,0,OK,200,"{""status"":""OK"",""code"":200,""data"":""command send successfully""}","AT+GTDAT=gv300w,1,,CMD97,0,,,,FFFF$",21.0,9BM958174SB370987,STOCK,370987,,,,
869671072163858,2026-02-17,2026-02-25,9,9,0,OK,200,"{""status"":""OK"",""code"":200,""data"":""command send successfully""}","AT+GTDAT=gv300w,1,,CMD97,0,,,,FFFF$",23.0,9BM634016SB387022,STOCK CHILE - BUSES & VANS,B387022,,,,
869671070580806,2026-02-17,2026-02-25,9,9,0,OK,200,"{""status"":""OK"",""code"":200,""data"":""command send successfully""}","AT+GTDAT=gv300w,1,,CMD97,0,,,,FFFF$",23.0,W1T964231T0836458,TRANEX,VRXV95,,,,
869671070579402,2026-02-17,2026-02-25,9,9,0,OK,200,"{""status"":""OK"",""code"":200,""data"":""command send successfully""}","AT+GTDAT=gv300w,1,,CMD97,0,,,,FFFF$",23.0,W1T964231S0780298,TRANEX,0780298,,,,
863457050248911,2026-02-17,2026-02-25,9,9,0,OK,200,"{""status"":""OK"",""code"":200,""data"":""command send successfully""}","AT+GTDAT=gv300w,1,,CMD97,0,,,,FFFF$",23.0,LSH14C4C8NA101139,SALFA,101139,,,,
869671072171307,2026-02-17,2026-02-25,9,9,0,OK,200,"{""status"":""OK"",""code"":200,""data"":""command send successfully""}","AT+GTDAT=gv300w,1,,CMD97,0,,,,FFFF$",23.0,W1T964231T0836457,TRANEX,VRXW28,,,,
867162029769460,2026-02-17,2026-02-23,7,7,0,OK,200,"{""status"":""OK"",""code"":200,""data"":""command send successfully""}","AT+GTDAT=gv300w,1,,CMD97,0,,,,FFFF$",21.0,W1T964231N0500937,IMOPAC,PJYL68,,,,
869671072171448,2026-02-17,2026-02-25,9,9,0,OK,200,"{""status"":""OK"",""code"":200,""data"":""command send successfully""}","AT+GTDAT=gv300w,1,,CMD97,0,,,,FFFF$",23.0,W1T964231T0835567,TRANEX,VRXW14,,,,
869671070581978,2026-02-17,2026-02-25,9,9,0,OK,200,"{""status"":""OK"",""code"":200,""data"":""command send successfully""}","AT+GTDAT=gv300w,1,,CMD97,0,,,,FFFF$",23.0,W1T964230S0785972,100% EQUIPADOS,0785972,,,,
869671070579477,2026-02-17,2026-02-25,9,9,0,OK,200,"{""status"":""OK"",""code"":200,""data"":""command send successfully""}","AT+GTDAT=gv300w,1,,CMD97,0,,,,FFFF$",23.0,W1T964231S0780805,TRANEX,0780805,,,,
868589060258889,2026-02-18,2026-02-25,8,8,0,OK,200,"{""status"":""OK"",""code"":200,""data"":""command send successfully""}","AT+GTDAT=gv300w,1,,CMD97,0,,,,FFFF$",22.0,MEC2047R6RP150521,EMPRESA CONSTRUCTORA LAS LILAS SPA,150521,,,,
867162027847755,2026-02-18,2026-02-19,2,2,0,OK,200,"{""status"":""OK"",""code"":200,""data"":""command send successfully""}","AT+GTDAT=gv300w,1,,CMD97,0,,,,FFFF$",16.0,9BM979076NB202465,TREKRENTAL,PZBP38,,,,
867162027872605,2026-02-18,2026-02-25,8,8,0,OK,200,"{""status"":""OK"",""code"":200,""data"":""command send successfully""}","AT+GTDAT=gv300w,1,,CMD97,0,,,,FFFF$",22.0,WDB932315K0254360,ASOCIACION INDIGENA DE COPAQUIRE,PFXP76,,,,
865413056252249,2026-02-18,2026-02-25,8,8,0,OK,200,"{""status"":""OK"",""code"":200,""data"":""command send successfully""}","AT+GTDAT=gv300w,1,,CMD97,0,,,,FFFF$",22.0,3AKJHHDR1MSMV3937,SERVICIO DE AUTOTRANSPORTE PUBLICO FEDERAL DE CARGA,43BC8S,,,,
869671070589831,2026-02-18,2026-02-18,1,1,0,OK,200,"{""status"":""OK"",""code"":200,""data"":""command send successfully""}","AT+GTDAT=gv300w,1,,CMD97,0,,,,FFFF$",15.0,W1T964231S0761465,100% EQUIPADOS,0761465,,,,
863457051076659,2026-02-18,2026-02-25,8,8,0,OK,200,"{""status"":""OK"",""code"":200,""data"":""command send successfully""}","AT+GTDAT=gv300w,1,,CMD97,0,,,,FFFF$",22.0,W1T964026P0638569,GRUPO MPM,SWVG38,,,,
869671070597677,2026-02-18,2026-02-24,7,7,0,OK,200,"{""status"":""OK"",""code"":200,""data"":""command send successfully""}","AT+GTDAT=gv300w,1,,CMD97,0,,,,FFFF$",21.0,W1T964231S0766646,STOCK,766646,,,,
869671072171489,2026-02-18,2026-02-25,8,8,0,OK,200,"{""status"":""OK"",""code"":200,""data"":""command send successfully""}","AT+GTDAT=gv300w,1,,CMD97,0,,,,FFFF$",22.0,W1T964231T0818737,INCOLUR (CM),VDTY-59,,,,
863457050629151,2026-02-18,2026-02-25,8,8,0,OK,200,"{""status"":""OK"",""code"":200,""data"":""command send successfully""}","AT+GTDAT=gv300w,1,,CMD97,0,,,,FFFF$",22.0,W1T964231P0589603,CONPAX MAQUINARIAS,SDTP78,,,,
868589060418103,2026-02-18,2026-02-25,8,8,0,OK,200,"{""status"":""OK"",""code"":200,""data"":""command send successfully""}","AT+GTDAT=gv300w,1,,CMD97,0,,,,FFFF$",22.0,W1V907645SP715006,ZUBLIN,715006,,,,
863457050228376,2026-02-18,2026-02-25,8,8,0,OK,200,"{""status"":""OK"",""code"":200,""data"":""command send successfully""}","AT+GTDAT=gv300w,1,,CMD97,0,,,,FFFF$",22.0,W1T964026P0638612,GRUPO MPM,SWVG49,,,,
868589060348839,2026-02-18,2026-02-19,2,2,0,OK,200,"{""status"":""OK"",""code"":200,""data"":""command send successfully""}","AT+GTDAT=gv300w,1,,CMD97,0,,,,FFFF$",16.0,W1T964231S0776862,TREKRENTAL,TVYD-53,,,,
867162027900596,2026-02-18,2026-02-25,8,8,0,OK,200,"{""status"":""OK"",""code"":200,""data"":""command send successfully""}","AT+GTDAT=gv300w,1,,CMD97,0,,,,FFFF$",22.0,W1T964231P0592203,BESALCO MINERIA,SDCV.24,,,,
869671070585292,2026-02-18,2026-02-20,3,3,0,OK,200,"{""status"":""OK"",""code"":200,""data"":""command send successfully""}","AT+GTDAT=gv300w,1,,CMD97,0,,,,FFFF$",17.0,W1T964231P0640708,EMIN,SVFD-52,,,,
867162029313236,2026-02-18,2026-02-25,8,8,0,OK,200,"{""status"":""OK"",""code"":200,""data"":""command send successfully""}","AT+GTDAT=gv300w,1,,CMD97,0,,,,FFFF$",22.0,ASVRT135CRDF01337,SI AUSTRAL LTDA.,F01337,,,,
867162029093036,2026-02-18,2026-02-25,8,8,0,OK,200,"{""status"":""OK"",""code"":200,""data"":""command send successfully""}","AT+GTDAT=gv300w,1,,CMD97,0,,,,FFFF$",22.0,WDB964231L0392531,INCOLUR (CM),LXCY-46,,,,
869671070585227,2026-02-18,2026-02-25,8,8,0,OK,200,"{""status"":""OK"",""code"":200,""data"":""command send successfully""}","AT+GTDAT=gv300w,1,,CMD97,0,,,,FFFF$",22.0,JL6CJH6A3SK005703,F&E SPA,K005703,,,,
863457052209044,2026-02-18,2026-02-23,6,6,0,OK,200,"{""status"":""OK"",""code"":200,""data"":""command send successfully""}","AT+GTDAT=gv300w,1,,CMD97,0,,,,FFFF$",20.0,W1T964231R0697842,GRUPO MPM,TGCZ13,,,,
863457050283959,2026-02-18,2026-02-25,8,8,0,OK,200,"{""status"":""OK"",""code"":200,""data"":""command send successfully""}","AT+GTDAT=gv300w,1,,CMD97,0,,,,FFFF$",22.0,W1T964026P0638607,GRUPO MPM,SVYR27,,,,
863457051129268,2026-02-18,2026-02-23,6,6,0,OK,200,"{""status"":""OK"",""code"":200,""data"":""command send successfully""}","AT+GTDAT=gv300w,1,,CMD97,0,,,,FFFF$",20.0,W1T964026P0638104,GRUPO MPM,SWVG20,,,,
869671072165093,2026-02-18,2026-02-25,8,8,0,OK,200,"{""status"":""OK"",""code"":200,""data"":""command send successfully""}","AT+GTDAT=gv300w,1,,CMD97,0,,,,FFFF$",22.0,9BM634013TB392122,DIVEMOTOR COLOMBIA,B392122,,,,
867162029481926,2026-02-18,2026-02-25,8,8,0,OK,200,"{""status"":""OK"",""code"":200,""data"":""command send successfully""}","AT+GTDAT=gv300w,1,,CMD97,0,,,,FFFF$",22.0,W1T964016M0434742,CSI,PHLF86,,,,
863457051711818,2026-02-19,2026-02-25,7,7,0,OK,200,"{""status"":""OK"",""code"":200,""data"":""command send successfully""}","AT+GTDAT=gv300w,1,,CMD97,0,,,,FFFF$",21.0,W1T964231R0671017,GRUPO MPM,TCSL41,,,,
863457051668232,2026-02-19,2026-02-25,7,7,0,OK,200,"{""status"":""OK"",""code"":200,""data"":""command send successfully""}","AT+GTDAT=gv300w,1,,CMD97,0,,,,FFFF$",21.0,9BM634074RB319271,TURBUS,SZZB77,,,,
863457052207535,2026-02-19,2026-02-24,6,6,0,OK,200,"{""status"":""OK"",""code"":200,""data"":""command send successfully""}","AT+GTDAT=gv300w,1,,CMD97,0,,,,FFFF$",20.0,W1T964231R0721021,GRUPO MPM,THYC71,,,,
863457050229945,2026-02-19,2026-02-25,7,7,0,OK,200,"{""status"":""OK"",""code"":200,""data"":""command send successfully""}","AT+GTDAT=gv300w,1,,CMD97,0,,,,FFFF$",21.0,W1T964231P0641225,RENTAMAQ,SRJZ25,,,,
863457051732376,2026-02-19,2026-02-20,2,2,0,OK,200,"{""status"":""OK"",""code"":200,""data"":""command send successfully""}","AT+GTDAT=gv300w,1,,CMD97,0,,,,FFFF$",16.0,W1T964216R0662331,IMOPAC,662331,,,,
869671070590466,2026-02-19,2026-02-19,1,1,0,OK,200,"{""status"":""OK"",""code"":200,""data"":""command send successfully""}","AT+GTDAT=gv300w,1,,CMD97,0,,,,FFFF$",15.0,9BM958260SB399817,100% EQUIPADOS,B399817,,,,
869671072163197,2026-02-19,2026-02-25,7,7,0,OK,200,"{""status"":""OK"",""code"":200,""data"":""command send successfully""}","AT+GTDAT=gv300w,1,,CMD97,0,,,,FFFF$",21.0,JL6BGG6A1SK002304,100% EQUIPADOS,SK002304,,,,
868589060163402,2026-02-19,2026-02-21,3,3,0,OK,200,"{""status"":""OK"",""code"":200,""data"":""command send successfully""}","AT+GTDAT=gv300w,1,,CMD97,0,,,,FFFF$",17.0,9536R8266RR071420,CSI,TPPF64,,,,
869671070576911,2026-02-19,2026-02-25,7,7,0,OK,200,"{""status"":""OK"",""code"":200,""data"":""command send successfully""}","AT+GTDAT=gv300w,1,,CMD97,0,,,,FFFF$",21.0,3AKJHPDV1PSUD5445,SOTRASER S A,UD5445,,,,
868589060188250,2026-02-19,2026-02-25,7,7,0,OK,200,"{""status"":""OK"",""code"":200,""data"":""command send successfully""}","AT+GTDAT=gv300w,1,,CMD97,0,,,,FFFF$",21.0,9BM958154RB333163,GRUPO VENTAS TECNICAS,333163,,,,
869671070578909,2026-02-19,2026-02-19,1,1,0,OK,200,"{""status"":""OK"",""code"":200,""data"":""command send successfully""}","AT+GTDAT=gv300w,1,,CMD97,0,,,,FFFF$",15.0,9BM958441PB302650,100% EQUIPADOS,B302650,,,,
865413056250623,2026-02-19,2026-02-19,1,1,0,OK,200,"{""status"":""OK"",""code"":200,""data"":""command send successfully""}","AT+GTDAT=gv300w,1,,CMD97,0,,,,FFFF$",15.0,MEC0574P8SP071869,100% EQUIPADOS,P071869,,,,
869671070587009,2026-02-19,2026-02-19,1,1,0,OK,200,"{""status"":""OK"",""code"":200,""data"":""command send successfully""}","AT+GTDAT=gv300w,1,,CMD97,0,,,,FFFF$",15.0,W1T964231S0811496,100% EQUIPADOS,0811496,,,,
868589060372417,2026-02-20,2026-02-25,6,6,0,OK,200,"{""status"":""OK"",""code"":200,""data"":""command send successfully""}","AT+GTDAT=gv300w,1,,CMD97,0,,,,FFFF$",20.0,W1T964231S0759107,STOCK,759107,,,,
863457051703070,2026-02-20,2026-02-25,6,6,0,OK,200,"{""status"":""OK"",""code"":200,""data"":""command send successfully""}","AT+GTDAT=gv300w,1,,CMD97,0,,,,FFFF$",20.0,W1T964231R0710678,TREKRENTAL,TDYV89,,,,
869671070593403,2026-02-20,2026-02-25,6,6,0,OK,200,"{""status"":""OK"",""code"":200,""data"":""command send successfully""}","AT+GTDAT=gv300w,1,,CMD97,0,,,,FFFF$",20.0,JL6BHG6A3SK000308,100% EQUIPADOS,K000308,,,,
863457050567856,2026-02-20,2026-02-20,1,1,0,OK,200,"{""status"":""OK"",""code"":200,""data"":""command send successfully""}","AT+GTDAT=gv300w,1,,CMD97,0,,,,FFFF$",15.0,W1T964231P0604960,TREKRENTAL,SKDS44,,,,
869671070576739,2026-02-20,2026-02-25,6,6,0,OK,200,"{""status"":""OK"",""code"":200,""data"":""command send successfully""}","AT+GTDAT=gv300w,1,,CMD97,0,,,,FFFF$",20.0,9BM634016SB390210,STOCK CHILE - BUSES & VANS,B390210,,,,
868589060433367,2026-02-20,2026-02-25,6,6,0,OK,200,"{""status"":""OK"",""code"":200,""data"":""command send successfully""}","AT+GTDAT=gv300w,1,,CMD97,0,,,,FFFF$",20.0,W1T964231S0775215,TREKRENTAL,TLPG-12,,,,
868589060407544,2026-02-20,2026-02-23,4,4,0,OK,200,"{""status"":""OK"",""code"":200,""data"":""command send successfully""}","AT+GTDAT=gv300w,1,,CMD97,0,,,,FFFF$",18.0,JL6BHG6A0SK000251,BEAGLE SERVICIOS DE INGENIERIA Y CONSTRUCCION LIMITADA,000251,,,,
863457050647658,2026-02-20,2026-02-25,6,6,0,OK,200,"{""status"":""OK"",""code"":200,""data"":""command send successfully""}","AT+GTDAT=gv300w,1,,CMD97,0,,,,FFFF$",20.0,9BM634074RB339617,DIVEMOTOR PERU,CPF-448,,,,
863457050650306,2026-02-20,2026-02-25,6,6,0,OK,200,"{""status"":""OK"",""code"":200,""data"":""command send successfully""}","AT+GTDAT=gv300w,1,,CMD97,0,,,,FFFF$",20.0,W1T964231P0588502,VILICIC,588502,,,,
867162027568393,2026-02-20,2026-02-25,6,6,0,OK,200,"{""status"":""OK"",""code"":200,""data"":""command send successfully""}","AT+GTDAT=gv300w,1,,CMD97,0,,,,FFFF$",20.0,WDB964231L0390577,INCOLUR (CM),LVHK-55,,,,
869671070575657,2026-02-20,2026-02-25,6,6,0,OK,200,"{""status"":""OK"",""code"":200,""data"":""command send successfully""}","AT+GTDAT=gv300w,1,,CMD97,0,,,,FFFF$",20.0,9BM634016SB393526,STOCK CHILE - BUSES & VANS,B393526,,,,
867162027841857,2026-02-20,2026-02-25,6,6,0,OK,200,"{""status"":""OK"",""code"":200,""data"":""command send successfully""}","AT+GTDAT=gv300w,1,,CMD97,0,,,,FFFF$",20.0,9BM634011NB207569,VIGGO (CM),4952,,,,
869671070596992,2026-02-20,2026-02-25,6,6,0,OK,200,"{""status"":""OK"",""code"":200,""data"":""command send successfully""}","AT+GTDAT=gv300w,1,,CMD97,0,,,,FFFF$",20.0,JL6CLH6A2SK006917,PESCO RENTAL,VGRL19,,,,
869671070595556,2026-02-20,2026-02-23,4,4,0,OK,200,"{""status"":""OK"",""code"":200,""data"":""command send successfully""}","AT+GTDAT=gv300w,1,,CMD97,0,,,,FFFF$",18.0,9BM958264SB363961,100% EQUIPADOS,B363961,,,,
865413053144118,2026-02-20,2026-02-25,6,6,0,OK,200,"{""status"":""OK"",""code"":200,""data"":""command send successfully""}","AT+GTDAT=gv300w,1,,CMD97,0,,,,FFFF$",20.0,LSH14C4C8RA040137,GERENCIA GRUPO CONDOR,AARM938,,,,
869671070583057,2026-02-21,2026-02-25,5,5,0,OK,200,"{""status"":""OK"",""code"":200,""data"":""command send successfully""}","AT+GTDAT=gv300w,1,,CMD97,0,,,,FFFF$",19.0,MEC0444P0SP073746,STOCK,P073746,,,,
863457051078960,2026-02-21,2026-02-25,5,5,0,OK,200,"{""status"":""OK"",""code"":200,""data"":""command send successfully""}","AT+GTDAT=gv300w,1,,CMD97,0,,,,FFFF$",19.0,W1T963424P0646746,TRANSPORTES SANTA ANGELA,646746,,,,
869671072169103,2026-02-21,2026-02-25,5,5,0,OK,200,"{""status"":""OK"",""code"":200,""data"":""command send successfully""}","AT+GTDAT=gv300w,1,,CMD97,0,,,,FFFF$",19.0,W1T964231S0801223,SCHWAGER SERVICE S.A.,VFJK33,,,,
867162027846344,2026-02-21,2026-02-25,5,5,0,OK,200,"{""status"":""OK"",""code"":200,""data"":""command send successfully""}","AT+GTDAT=gv300w,1,,CMD97,0,,,,FFFF$",19.0,W1T964231P0589472,CONPAX MAQUINARIAS,SLCL92,,,,
867162027572247,2026-02-21,2026-02-25,5,5,0,OK,200,"{""status"":""OK"",""code"":200,""data"":""command send successfully""}","AT+GTDAT=gv300w,1,,CMD97,0,,,,FFFF$",19.0,3AKJHPDV1KSKR7984,AGREDUCAM RANCAGUA (CM),LVYJ94,,,,
869671070595069,2026-02-21,2026-02-24,4,4,0,OK,200,"{""status"":""OK"",""code"":200,""data"":""command send successfully""}","AT+GTDAT=gv300w,1,,CMD97,0,,,,FFFF$",18.0,W1T964231S0793312,INCOLUR (CM),TZGK-59,,,,
869671072167487,2026-02-21,2026-02-25,5,5,0,OK,200,"{""status"":""OK"",""code"":200,""data"":""command send successfully""}","AT+GTDAT=gv300w,1,,CMD97,0,,,,FFFF$",19.0,W1T964231S0761063,100% EQUIPADOS,0761063,,,,
863457051686366,2026-02-21,2026-02-25,5,5,0,OK,200,"{""status"":""OK"",""code"":200,""data"":""command send successfully""}","AT+GTDAT=gv300w,1,,CMD97,0,,,,FFFF$",19.0,W1T963403P0646782,TRANSPORTISTAS CALICHE,646782,,,,
869671072166851,2026-02-21,2026-02-25,5,5,0,OK,200,"{""status"":""OK"",""code"":200,""data"":""command send successfully""}","AT+GTDAT=gv300w,1,,CMD97,0,,,,FFFF$",19.0,JL6CJH6A4SK002616,100% EQUIPADOS,K002616,,,,
863457051702320,2026-02-21,2026-02-25,5,5,0,OK,200,"{""status"":""OK"",""code"":200,""data"":""command send successfully""}","AT+GTDAT=gv300w,1,,CMD97,0,,,,FFFF$",19.0,W1T964231P0668177,RENTAMAQ,668177,,,,
863457050641438,2026-02-21,2026-02-22,2,2,0,OK,200,"{""status"":""OK"",""code"":200,""data"":""command send successfully""}","AT+GTDAT=gv300w,1,,CMD97,0,,,,FFFF$",16.0,W1T964231P0623397,KOMATSU (CM),SKWF76,,,,
869671070575285,2026-02-21,2026-02-25,5,5,0,OK,200,"{""status"":""OK"",""code"":200,""data"":""command send successfully""}","AT+GTDAT=gv300w,1,,CMD97,0,,,,FFFF$",19.0,9BM958078RB342623,100% EQUIPADOS,B342623,,,,
863457052205778,2026-02-21,2026-02-25,5,5,0,OK,200,"{""status"":""OK"",""code"":200,""data"":""command send successfully""}","AT+GTDAT=gv300w,1,,CMD97,0,,,,FFFF$",19.0,W1T964231R0719235,INCOMEC SPA,719235,,,,
869671070590938,2026-02-21,2026-02-25,5,5,0,OK,200,"{""status"":""OK"",""code"":200,""data"":""command send successfully""}","AT+GTDAT=gv300w,1,,CMD97,0,,,,FFFF$",19.0,W1T964231 P0634515,JRC SPA,SPXV41,,,,
869671070581531,2026-02-21,2026-02-25,5,5,0,OK,200,"{""status"":""OK"",""code"":200,""data"":""command send successfully""}","AT+GTDAT=gv300w,1,,CMD97,0,,,,FFFF$",19.0,9BM958164SB395589,INGENIERIA ELECTRICA TEMUCO LIMITADA,B395589,,,,
865413057012089,2026-02-21,2026-02-25,5,5,0,OK,200,"{""status"":""OK"",""code"":200,""data"":""command send successfully""}","AT+GTDAT=gv300w,1,,CMD97,0,,,,FFFF$",19.0,MEC0444P7SP072741,STOCK,P072741,,,,
863457052208830,2026-02-21,2026-02-25,5,5,0,OK,200,"{""status"":""OK"",""code"":200,""data"":""command send successfully""}","AT+GTDAT=gv300w,1,,CMD97,0,,,,FFFF$",19.0,W1T963425PB295069,MARIO OSORIO Y CIA,TJSZ85,,,,
863457051761045,2026-02-21,2026-02-25,5,5,0,OK,200,"{""status"":""OK"",""code"":200,""data"":""command send successfully""}","AT+GTDAT=gv300w,1,,CMD97,0,,,,FFFF$",19.0,W1T964231RB318404,BESALCO MINERIA,318404,,,,
863457051062279,2026-02-22,2026-02-25,4,4,0,OK,200,"{""status"":""OK"",""code"":200,""data"":""command send successfully""}","AT+GTDAT=gv300w,1,,CMD97,0,,,,FFFF$",18.0,W1T964231R0676694,GRUPO MPM,TBSW17,,,,
863457051714267,2026-02-22,2026-02-25,4,4,0,OK,200,"{""status"":""OK"",""code"":200,""data"":""command send successfully""}","AT+GTDAT=gv300w,1,,CMD97,0,,,,FFFF$",18.0,W1T964231R0685172,GRUPO MPM,TDCC24,,,,
869671072171232,2026-02-22,2026-02-25,4,4,0,OK,200,"{""status"":""OK"",""code"":200,""data"":""command send successfully""}","AT+GTDAT=gv300w,1,,CMD97,0,,,,FFFF$",18.0,9BM958260SB401743,100% EQUIPADOS,B401743,,,,
868589060181081,2026-02-22,2026-02-25,4,4,0,OK,200,"{""status"":""OK"",""code"":200,""data"":""command send successfully""}","AT+GTDAT=gv300w,1,,CMD97,0,,,,FFFF$",18.0,9BM634016RB353206,GERENCIA BUSES & VANS,353206,,,,
863457051758397,2026-02-22,2026-02-25,4,4,0,OK,200,"{""status"":""OK"",""code"":200,""data"":""command send successfully""}","AT+GTDAT=gv300w,1,,CMD97,0,,,,FFFF$",18.0,W1T964231R0670220,GRUPO MPM,TBSV83,,,,
868589060682674,2026-02-22,2026-02-25,4,4,0,OK,200,"{""status"":""OK"",""code"":200,""data"":""command send successfully""}","AT+GTDAT=gv300w,1,,CMD97,0,,,,FFFF$",18.0,W1T964231S0797953,STOCK,0797953,,,,
867162027953785,2026-02-22,2026-02-22,1,1,0,OK,200,"{""status"":""OK"",""code"":200,""data"":""command send successfully""}","AT+GTDAT=gv300w,1,,CMD97,0,,,,FFFF$",15.0,W1T964231P0571305,BESALCO ARRIENDA,SDPP-44,,,,
863238070321064,2026-02-22,2026-02-24,3,3,0,OK,200,"{""status"":""OK"",""code"":200,""data"":""command send successfully""}","AT+GTDAT=gv300w,1,,CMD97,0,,,,FFFF$",17.0,JL6BGG6AXTK000505,100% EQUIPADOS,K000505,,,,
863457052212014,2026-02-22,2026-02-25,4,4,0,OK,200,"{""status"":""OK"",""code"":200,""data"":""command send successfully""}","AT+GTDAT=gv300w,1,,CMD97,0,,,,FFFF$",18.0,W1T964231R0716677,GRUPO MPM,TGCZ16,,,,
863457051060976,2026-02-22,2026-02-25,4,4,0,OK,200,"{""status"":""OK"",""code"":200,""data"":""command send successfully""}","AT+GTDAT=gv300w,1,,CMD97,0,,,,FFFF$",18.0,W1T964231R0674589,GRUPO MPM,TBSV78,,,,
863457051086575,2026-02-22,2026-02-25,4,4,0,OK,200,"{""status"":""OK"",""code"":200,""data"":""command send successfully""}","AT+GTDAT=gv300w,1,,CMD97,0,,,,FFFF$",18.0,W1T964231R0671015,GRUPO MPM,TBST64,,,,
869671070595697,2026-02-22,2026-02-25,4,4,0,OK,200,"{""status"":""OK"",""code"":200,""data"":""command send successfully""}","AT+GTDAT=gv300w,1,,CMD97,0,,,,FFFF$",18.0,JL6CLH6A8SK006372,100% EQUIPADOS,TZZV55,,,,
868589060649939,2026-02-22,2026-02-25,4,4,0,OK,200,"{""status"":""OK"",""code"":200,""data"":""command send successfully""}","AT+GTDAT=gv300w,1,,CMD97,0,,,,FFFF$",18.0,W1T964231T0833933,TREKRENTAL,VKDH50,,,,
868589060655001,2026-02-22,2026-02-22,1,1,0,OK,200,"{""status"":""OK"",""code"":200,""data"":""command send successfully""}","AT+GTDAT=gv300w,1,,CMD97,0,,,,FFFF$",15.0,W1T964216T0837138,STOCK,0837138,,,,
869671070574734,2026-02-22,2026-02-25,4,4,0,OK,200,"{""status"":""OK"",""code"":200,""data"":""command send successfully""}","AT+GTDAT=gv300w,1,,CMD97,0,,,,FFFF$",18.0,JL6AFE6A5RK003923,100% EQUIPADOS,K003923,,,,
863457050648771,2026-02-23,2026-02-25,3,3,0,OK,200,"{""status"":""OK"",""code"":200,""data"":""command send successfully""}","AT+GTDAT=gv300w,1,,CMD97,0,,,,FFFF$",17.0,W1T964231P0596102,KOMATSU (CM),SGTL65,,,,
867162029781366,2026-02-23,2026-02-25,3,3,0,OK,200,"{""status"":""OK"",""code"":200,""data"":""command send successfully""}","AT+GTDAT=gv300w,1,,CMD97,0,,,,FFFF$",17.0,W1T964231N0500594,ASOCIACIÓN SALLIHUINCA,PSTS71,,,,
863457050154192,2026-02-23,2026-02-25,3,3,0,OK,200,"{""status"":""OK"",""code"":200,""data"":""command send successfully""}","AT+GTDAT=gv300w,1,,CMD97,0,,,,FFFF$",17.0,JL6CJH6A9TK000569,100% EQUIPADOS,TK000569,,,,
863238070319100,2026-02-23,2026-02-25,3,3,0,OK,200,"{""status"":""OK"",""code"":200,""data"":""command send successfully""}","AT+GTDAT=gv300w,1,,CMD97,0,,,,FFFF$",17.0,JL6CLH6A4SK006918,100% EQUIPADOS,K006918,,,,
867162025946617,2026-02-23,2026-02-25,3,3,0,OK,200,"{""status"":""OK"",""code"":200,""data"":""command send successfully""}","AT+GTDAT=gv300w,1,,CMD97,0,,,,FFFF$",17.0,WDB963403J0217364,TRANSPORTES CAVALIERI (CM),LBTS65,,,,
869671070592488,2026-02-23,2026-02-23,1,1,0,OK,200,"{""status"":""OK"",""code"":200,""data"":""command send successfully""}","AT+GTDAT=gv300w,1,,CMD97,0,,,,FFFF$",15.0,3AKJHPDV9PSUD5547,SOTRASER S A,SUD5547,,,,
863238070328234,2026-02-24,2026-02-24,1,1,0,OK,200,"{""status"":""OK"",""code"":200,""data"":""command send successfully""}","AT+GTDAT=gv300w,1,,CMD97,0,,,,FFFF$",15.0,9BM968403TB416417,GERENCIA CAMIONES,VBVL89,,,,
869671070594690,2026-02-24,2026-02-24,1,1,0,OK,200,"{""status"":""OK"",""code"":200,""data"":""command send successfully""}","AT+GTDAT=gv300w,1,,CMD97,0,,,,FFFF$",15.0,W1T964231S0784665,STOCK,0784665,,,,
863457051696563,2026-02-24,2026-02-25,2,2,0,OK,200,"{""status"":""OK"",""code"":200,""data"":""command send successfully""}","AT+GTDAT=gv300w,1,,CMD97,0,,,,FFFF$",16.0,9BM958441PB297465,TRANSPORTES RINCONADA SPA,THFW-76,,,,
869671070587744,2026-02-24,2026-02-25,2,2,0,OK,200,"{""status"":""OK"",""code"":200,""data"":""command send successfully""}","AT+GTDAT=gv300w,1,,CMD97,0,,,,FFFF$",16.0,W1T964231S0765999,RD RENTAL,TSPR72,,,,
869671070582851,2026-02-24,2026-02-25,2,2,0,OK,200,"{""status"":""OK"",""code"":200,""data"":""command send successfully""}","AT+GTDAT=gv300w,1,,CMD97,0,,,,FFFF$",16.0,W1T963425P0655307,TRANSPORTES BRETTI (CM),TPSK33,,,,
869671070583685,2026-02-24,2026-02-25,2,2,0,OK,200,"{""status"":""OK"",""code"":200,""data"":""command send successfully""}","AT+GTDAT=gv300w,1,,CMD97,0,,,,FFFF$",16.0,9BM958260SB401919,100% EQUIPADOS,B401919,,,,
869671072171570,2026-02-24,2026-02-25,2,2,0,OK,200,"{""status"":""OK"",""code"":200,""data"":""command send successfully""}","AT+GTDAT=gv300w,1,,CMD97,0,,,,FFFF$",16.0,9BM958264SB402396,100% EQUIPADOS,B402396,,,,
869671072167693,2026-02-24,2026-02-25,2,2,0,OK,200,"{""status"":""OK"",""code"":200,""data"":""command send successfully""}","AT+GTDAT=gv300w,1,,CMD97,0,,,,FFFF$",16.0,W1T963425SB399047,100% EQUIPADOS,B399047,,,,
868589060333195,2026-02-24,2026-02-25,2,2,0,OK,200,"{""status"":""OK"",""code"":200,""data"":""command send successfully""}","AT+GTDAT=gv300w,1,,CMD97,0,,,,FFFF$",16.0,3AKJHPDV6PSNM9056,TRANSPORTES PIZARRO E HIJOS SPA,TKFC80,,,,
863238070320132,2026-02-24,2026-02-25,2,2,0,OK,200,"{""status"":""OK"",""code"":200,""data"":""command send successfully""}","AT+GTDAT=gv300w,1,,CMD97,0,,,,FFFF$",16.0,9BM634016TB406937,STOCK CHILE - BUSES & VANS,B406937,,,,
869671070585698,2026-02-24,2026-02-25,2,2,0,OK,200,"{""status"":""OK"",""code"":200,""data"":""command send successfully""}","AT+GTDAT=gv300w,1,,CMD97,0,,,,FFFF$",16.0,JL6BHG6A0TK000042,100% EQUIPADOS,K000042,,,,
863457050646874,2026-02-24,2026-02-25,2,2,0,OK,200,"{""status"":""OK"",""code"":200,""data"":""command send successfully""}","AT+GTDAT=gv300w,1,,CMD97,0,,,,FFFF$",16.0,W1T964216P0614534,TREKRENTAL,SPCR71,,,,
863457052211826,2026-02-24,2026-02-24,1,1,0,OK,200,"{""status"":""OK"",""code"":200,""data"":""command send successfully""}","AT+GTDAT=gv300w,1,,CMD97,0,,,,FFFF$",15.0,9BM958441PB292052,TRANSPORTES RINCONADA SPA,THFW-78,,,,
863457052204573,2026-02-24,2026-02-25,2,2,0,OK,200,"{""status"":""OK"",""code"":200,""data"":""command send successfully""}","AT+GTDAT=gv300w,1,,CMD97,0,,,,FFFF$",16.0,9BM958170RB338071,SOCIEDAD DE ASMECO INGENIERIA,TJWZ59,,,,
863457051711909,2026-02-24,2026-02-25,2,2,0,OK,200,"{""status"":""OK"",""code"":200,""data"":""command send successfully""}","AT+GTDAT=gv300w,1,,CMD97,0,,,,FFFF$",16.0,9BM958174RB344422,SOCIEDAD DE ASMECO INGENIERIA,344422,,,,
869671070587793,2026-02-24,2026-02-25,2,2,0,OK,200,"{""status"":""OK"",""code"":200,""data"":""command send successfully""}","AT+GTDAT=gv300w,1,,CMD97,0,,,,FFFF$",16.0,3AKJHPDV4PSUD5441,100% EQUIPADOS,UD5441,,,,
869671070584246,2026-02-24,2026-02-24,1,1,0,OK,200,"{""status"":""OK"",""code"":200,""data"":""command send successfully""}","AT+GTDAT=gv300w,1,,CMD97,0,,,,FFFF$",15.0,9BM958154SB374770,100% EQUIPADOS,B374770,,,,
863457052205711,2026-02-24,2026-02-25,2,2,0,OK,200,"{""status"":""OK"",""code"":200,""data"":""command send successfully""}","AT+GTDAT=gv300w,1,,CMD97,0,,,,FFFF$",16.0,W1T964231R0722346,BESALCO CONSTRUCCIONES S.A,722346,,,,
863457051757647,2026-02-25,2026-02-25,1,1,0,OK,200,"{""status"":""OK"",""code"":200,""data"":""command send successfully""}","AT+GTDAT=gv300w,1,,CMD97,0,,,,FFFF$",15.0,9BM958156PB305418,RD RENTAL,TCBK13,,,,
863457050652567,2026-02-25,2026-02-25,1,1,0,OK,200,"{""status"":""OK"",""code"":200,""data"":""command send successfully""}","AT+GTDAT=gv300w,1,,CMD97,0,,,,FFFF$",15.0,3AKJHPDV5PSNM9033,TRANSPORTES VERASAY SPA,NM9033,,,,
863457050603032,2026-02-25,2026-02-25,1,1,0,OK,200,"{""status"":""OK"",""code"":200,""data"":""command send successfully""}","AT+GTDAT=gv300w,1,,CMD97,0,,,,FFFF$",15.0,W1T964231P0589201,CONPAX MAQUINARIAS,SDTP84,,,,
863457052209481,2026-02-25,2026-02-25,1,1,0,OK,200,"{""status"":""OK"",""code"":200,""data"":""command send successfully""}","AT+GTDAT=gv300w,1,,CMD97,0,,,,FFFF$",15.0,W1T964231R0721705,STOCK,721705,,,,
867162025939117,2026-02-25,2026-02-25,1,1,0,OK,200,"{""status"":""OK"",""code"":200,""data"":""command send successfully""}","AT+GTDAT=gv300w,1,,CMD97,0,,,,FFFF$",15.0,WDB964414K0262707,COMPAÑÍA MINERA SANTA LAURA,KXZS11,,,,
863457051068482,2026-02-25,2026-02-25,1,1,0,OK,200,"{""status"":""OK"",""code"":200,""data"":""command send successfully""}","AT+GTDAT=gv300w,1,,CMD97,0,,,,FFFF$",15.0,W1T964231P0649229,MAQUINARIAS THM S.A.,649229,,,,
869671070584584,2026-02-25,2026-02-25,1,1,0,OK,200,"{""status"":""OK"",""code"":200,""data"":""command send successfully""}","AT+GTDAT=gv300w,1,,CMD97,0,,,,FFFF$",15.0,W1T964231S0812205,100% EQUIPADOS,0812205,,,,
863457051075636,2026-02-25,2026-02-25,1,1,0,OK,200,"{""status"":""OK"",""code"":200,""data"":""command send successfully""}","AT+GTDAT=gv300w,1,,CMD97,0,,,,FFFF$",15.0,9536R8262PR037259,CSI,SPPP21,,,,
869671070592637,2026-02-25,2026-02-25,1,1,0,OK,200,"{""status"":""OK"",""code"":200,""data"":""command send successfully""}","AT+GTDAT=gv300w,1,,CMD97,0,,,,FFFF$",15.0,3AKJHPDVXPSUD5492,TRANSPORTES GALLARDO LIMITADA,SYPL50,,,,
867162027631704,2026-02-25,2026-02-25,1,1,0,OK,200,"{""status"":""OK"",""code"":200,""data"":""command send successfully""}","AT+GTDAT=gv300w,1,,CMD97,0,,,,FFFF$",15.0,WDB964231L0392536,INCOLUR (CM),LXCY-48,,,,
863457051070512,2026-02-25,2026-02-25,1,1,0,OK,200,"{""status"":""OK"",""code"":200,""data"":""command send successfully""}","AT+GTDAT=gv300w,1,,CMD97,0,,,,FFFF$",15.0,W1T964231P0648208,EMIN,SWBC-17,,,,
863457051679700,2026-02-25,2026-02-25,1,1,0,OK,200,"{""status"":""OK"",""code"":200,""data"":""command send successfully""}","AT+GTDAT=gv300w,1,,CMD97,0,,,,FFFF$",15.0,9BM958164RB343118,GRUPO TRANSPORTES PARRA,343118,,,,
869671070590144,2026-02-25,2026-02-25,1,1,0,OK,200,"{""status"":""OK"",""code"":200,""data"":""command send successfully""}","AT+GTDAT=gv300w,1,,CMD97,0,,,,FFFF$",15.0,3ALHCYCY6SDWG0144,100% EQUIPADOS,DWG0144,,,,
869671072167750,2026-02-25,2026-02-25,1,1,0,OK,200,"{""status"":""OK"",""code"":200,""data"":""command send successfully""}","AT+GTDAT=gv300w,1,,CMD97,0,,,,FFFF$",15.0,JL6AKE6A2TK000416,STOCK,TK000416,,,,
869671070581911,2026-02-25,2026-02-25,1,1,0,OK,200,"{""status"":""OK"",""code"":200,""data"":""command send successfully""}","AT+GTDAT=gv300w,1,,CMD97,0,,,,FFFF$",15.0,W1T964231S0780577,TRANEX,0780577,,,,
863457050975539,2026-02-25,2026-02-25,1,1,0,OK,200,"{""status"":""OK"",""code"":200,""data"":""command send successfully""}","AT+GTDAT=gv300w,1,,CMD97,0,,,,FFFF$",15.0,W1T964231P0623055,KOMATSU (CM),SKWF87,,,,
869671070584105,2026-02-25,2026-02-25,1,1,0,OK,200,"{""status"":""OK"",""code"":200,""data"":""command send successfully""}","AT+GTDAT=gv300w,1,,CMD97,0,,,,FFFF$",15.0,JL6BHG6A1TK000129,100% EQUIPADOS,K000129,,,,
869671070585284,2026-02-25,2026-02-25,1,1,0,OK,200,"{""status"":""OK"",""code"":200,""data"":""command send successfully""}","AT+GTDAT=gv300w,1,,CMD97,0,,,,FFFF$",15.0,JL6CJH6A3SK007113,100% EQUIPADOS,K007113,,,,
